"SCHOOL_NAME","SCHOOL_YEAR","race_df","magnet","traditional","total_race","total_school","pct_race","pct_magnet","pct_traditional","dominant_race","STEM","ARTS","IB","MEDICAL","CAREER_TECH","ENVIRONMENTAL","num_programs","pct_free","pct_nonfree","diversity"
"ALONSO HIGH SCHOOL",2020,"White",46,668,714,2413,0.295897223373394,0.0644257703081232,0.935574229691877,"Hispanic",0,0,1,0,0,0,1,0.623200329082682,0.376799670917318,1.14601026521418
"ALONSO HIGH SCHOOL",2020,"Asian",16,100,116,2413,0.0480729382511397,0.137931034482759,0.862068965517241,"Hispanic",0,0,1,0,0,0,1,0.623200329082682,0.376799670917318,1.14601026521418
"ALONSO HIGH SCHOOL",2020,"Black",0,157,157,2413,0.0650642353916287,0,1,"Hispanic",0,0,1,0,0,0,1,0.623200329082682,0.376799670917318,1.14601026521418
"ALONSO HIGH SCHOOL",2020,"Hispanic",52,1273,1325,2413,0.549108992954828,0.0392452830188679,0.960754716981132,"Hispanic",0,0,1,0,0,0,1,0.623200329082682,0.376799670917318,1.14601026521418
"ALONSO HIGH SCHOOL",2020,"Multiracial",0,101,101,2413,0.0418566100290095,0,1,"Hispanic",0,0,1,0,0,0,1,0.623200329082682,0.376799670917318,1.14601026521418
"ALONSO HIGH SCHOOL",2021,"White",72,638,710,2516,0.282193958664547,0.101408450704225,0.898591549295775,"Hispanic",0,0,1,0,0,0,1,0.529062870699881,0.470937129300119,1.14042991149261
"ALONSO HIGH SCHOOL",2021,"Asian",36,93,129,2516,0.0512718600953895,0.27906976744186,0.720930232558139,"Hispanic",0,0,1,0,0,0,1,0.529062870699881,0.470937129300119,1.14042991149261
"ALONSO HIGH SCHOOL",2021,"Black",0,159,159,2516,0.0631955484896661,0,1,"Hispanic",0,0,1,0,0,0,1,0.529062870699881,0.470937129300119,1.14042991149261
"ALONSO HIGH SCHOOL",2021,"Hispanic",92,1321,1413,2516,0.561605723370429,0.0651096956829441,0.934890304317056,"Hispanic",0,0,1,0,0,0,1,0.529062870699881,0.470937129300119,1.14042991149261
"ALONSO HIGH SCHOOL",2021,"Multiracial",12,93,105,2516,0.0417329093799682,0.114285714285714,0.885714285714286,"Hispanic",0,0,1,0,0,0,1,0.529062870699881,0.470937129300119,1.14042991149261
"ALONSO HIGH SCHOOL",2022,"White",104,620,724,2676,0.270553064275037,0.143646408839779,0.856353591160221,"Hispanic",0,0,1,0,0,0,1,1,0,1.14008424765126
"ALONSO HIGH SCHOOL",2022,"Asian",52,101,153,2676,0.0571748878923767,0.339869281045752,0.660130718954248,"Hispanic",0,0,1,0,0,0,1,1,0,1.14008424765126
"ALONSO HIGH SCHOOL",2022,"Black",17,153,170,2676,0.0635276532137519,0.1,0.9,"Hispanic",0,0,1,0,0,0,1,1,0,1.14008424765126
"ALONSO HIGH SCHOOL",2022,"Hispanic",154,1370,1524,2676,0.569506726457399,0.101049868766404,0.898950131233596,"Hispanic",0,0,1,0,0,0,1,1,0,1.14008424765126
"ALONSO HIGH SCHOOL",2022,"Multiracial",19,86,105,2676,0.039237668161435,0.180952380952381,0.819047619047619,"Hispanic",0,0,1,0,0,0,1,1,0,1.14008424765126
"ALONSO HIGH SCHOOL",2023,"White",144,539,683,2738,0.24945215485756,0.210834553440703,0.789165446559297,"Hispanic",0,0,1,0,0,0,1,1,0,1.13288946924113
"ALONSO HIGH SCHOOL",2023,"Asian",86,98,184,2738,0.0672023374726077,0.467391304347826,0.532608695652174,"Hispanic",0,0,1,0,0,0,1,1,0,1.13288946924113
"ALONSO HIGH SCHOOL",2023,"Black",16,135,151,2738,0.0551497443389335,0.105960264900662,0.894039735099338,"Hispanic",0,0,1,0,0,0,1,1,0,1.13288946924113
"ALONSO HIGH SCHOOL",2023,"Hispanic",201,1405,1606,2738,0.586559532505478,0.125155666251557,0.874844333748443,"Hispanic",0,0,1,0,0,0,1,1,0,1.13288946924113
"ALONSO HIGH SCHOOL",2023,"Multiracial",26,88,114,2738,0.04163623082542,0.228070175438596,0.771929824561403,"Hispanic",0,0,1,0,0,0,1,1,0,1.13288946924113
"ARMWOOD HIGH SCHOOL",2020,"White",127,388,515,2086,0.246883988494727,0.246601941747573,0.753398058252427,"Black",0,0,0,0,0,0,0,0.820267686424474,0.179732313575526,1.31539088856122
"ARMWOOD HIGH SCHOOL",2020,"Asian",16,27,43,2086,0.0206136145733461,0.372093023255814,0.627906976744186,"Black",0,0,0,0,0,0,0,0.820267686424474,0.179732313575526,1.31539088856122
"ARMWOOD HIGH SCHOOL",2020,"Black",126,609,735,2086,0.352348993288591,0.171428571428571,0.828571428571429,"Black",0,0,0,0,0,0,0,0.820267686424474,0.179732313575526,1.31539088856122
"ARMWOOD HIGH SCHOOL",2020,"Hispanic",79,602,681,2086,0.326462128475551,0.116005873715125,0.883994126284875,"Black",0,0,0,0,0,0,0,0.820267686424474,0.179732313575526,1.31539088856122
"ARMWOOD HIGH SCHOOL",2020,"Multiracial",29,83,112,2086,0.0536912751677852,0.258928571428571,0.741071428571429,"Black",0,0,0,0,0,0,0,0.820267686424474,0.179732313575526,1.31539088856122
"ARMWOOD HIGH SCHOOL",2021,"White",117,397,514,2054,0.250243427458617,0.227626459143969,0.772373540856031,"Black",0,0,0,0,0,0,0,0.793103448275862,0.206896551724138,1.31221405046436
"ARMWOOD HIGH SCHOOL",2021,"Asian",19,24,43,2054,0.0209347614410906,0.441860465116279,0.558139534883721,"Black",0,0,0,0,0,0,0,0.793103448275862,0.206896551724138,1.31221405046436
"ARMWOOD HIGH SCHOOL",2021,"Black",110,620,730,2054,0.355404089581305,0.150684931506849,0.849315068493151,"Black",0,0,0,0,0,0,0,0.793103448275862,0.206896551724138,1.31221405046436
"ARMWOOD HIGH SCHOOL",2021,"Hispanic",92,570,662,2054,0.322297955209348,0.138972809667674,0.861027190332326,"Black",0,0,0,0,0,0,0,0.793103448275862,0.206896551724138,1.31221405046436
"ARMWOOD HIGH SCHOOL",2021,"Multiracial",28,77,105,2054,0.0511197663096397,0.266666666666667,0.733333333333333,"Black",0,0,0,0,0,0,0,0.793103448275862,0.206896551724138,1.31221405046436
"ARMWOOD HIGH SCHOOL",2022,"White",131,386,517,2181,0.237047226043099,0.253384912959381,0.746615087040619,"Black",0,0,0,0,0,0,0,1,0,1.29946407256767
"ARMWOOD HIGH SCHOOL",2022,"Asian",18,20,38,2181,0.0174232003668042,0.473684210526316,0.526315789473684,"Black",0,0,0,0,0,0,0,1,0,1.29946407256767
"ARMWOOD HIGH SCHOOL",2022,"Black",115,661,776,2181,0.355800091701055,0.14819587628866,0.85180412371134,"Black",0,0,0,0,0,0,0,1,0,1.29946407256767
"ARMWOOD HIGH SCHOOL",2022,"Hispanic",105,632,737,2181,0.33791838606144,0.14246947082768,0.85753052917232,"Black",0,0,0,0,0,0,0,1,0,1.29946407256767
"ARMWOOD HIGH SCHOOL",2022,"Multiracial",28,85,113,2181,0.051811095827602,0.247787610619469,0.752212389380531,"Black",0,0,0,0,0,0,0,1,0,1.29946407256767
"ARMWOOD HIGH SCHOOL",2023,"White",123,351,474,2111,0.224538133585978,0.259493670886076,0.740506329113924,"Black",0,0,0,0,0,0,0,1,0,1.30037881019821
"ARMWOOD HIGH SCHOOL",2023,"Asian",23,28,51,2111,0.024159166271909,0.450980392156863,0.549019607843137,"Black",0,0,0,0,0,0,0,1,0,1.30037881019821
"ARMWOOD HIGH SCHOOL",2023,"Black",112,665,777,2111,0.368072003789673,0.144144144144144,0.855855855855856,"Black",0,0,0,0,0,0,0,1,0,1.30037881019821
"ARMWOOD HIGH SCHOOL",2023,"Hispanic",97,616,713,2111,0.33775461866414,0.136044880785414,0.863955119214586,"Black",0,0,0,0,0,0,0,1,0,1.30037881019821
"ARMWOOD HIGH SCHOOL",2023,"Multiracial",23,73,96,2111,0.0454760776882994,0.239583333333333,0.760416666666667,"Black",0,0,0,0,0,0,0,1,0,1.30037881019821
"Alonso High School",2024,"White",130,536,666,2767,0.240693892302132,0.195195195195195,0.804804804804805,"Hispanic",0,0,0,0,0,0,0,NA,NA,1.09706787968057
"Alonso High School",2024,"Asian",92,91,183,2767,0.0661366100469823,0.502732240437158,0.497267759562842,"Hispanic",0,0,0,0,0,0,0,NA,NA,1.09706787968057
"Alonso High School",2024,"Black",0,145,145,2767,0.0524033249006144,0,1,"Hispanic",0,0,0,0,0,0,0,NA,NA,1.09706787968057
"Alonso High School",2024,"Hispanic",206,1471,1677,2767,0.606071557643657,0.122838401908169,0.877161598091831,"Hispanic",0,0,0,0,0,0,0,NA,NA,1.09706787968057
"Alonso High School",2024,"Multiracial",22,74,96,2767,0.0346946151066137,0.229166666666667,0.770833333333333,"Hispanic",0,0,0,0,0,0,0,NA,NA,1.09706787968057
"Alonso High School ",2025,"White",139,490,629,2692,0.233655274888559,0.220985691573927,0.779014308426073,"Hispanic",0,0,0,0,0,0,0,NA,NA,1.10743924900238
"Alonso High School ",2025,"Asian",110,75,185,2692,0.0687221396731055,0.594594594594595,0.405405405405405,"Hispanic",0,0,0,0,0,0,0,NA,NA,1.10743924900238
"Alonso High School ",2025,"Black",11,127,138,2692,0.0512630014858841,0.0797101449275362,0.920289855072464,"Hispanic",0,0,0,0,0,0,0,NA,NA,1.10743924900238
"Alonso High School ",2025,"Hispanic",200,1433,1633,2692,0.606612184249628,0.122473974280465,0.877526025719535,"Hispanic",0,0,0,0,0,0,0,NA,NA,1.10743924900238
"Alonso High School ",2025,"Multiracial",32,75,107,2692,0.0397473997028232,0.299065420560748,0.700934579439252,"Hispanic",0,0,0,0,0,0,0,NA,NA,1.10743924900238
"Armwood High School",2024,"White",123,347,470,2288,0.20541958041958,0.261702127659574,0.738297872340426,"Black",0,0,0,0,0,0,0,NA,NA,1.25166994904109
"Armwood High School",2024,"Asian",20,26,46,2288,0.0201048951048951,0.434782608695652,0.565217391304348,"Black",0,0,0,0,0,0,0,NA,NA,1.25166994904109
"Armwood High School",2024,"Black",136,752,888,2288,0.388111888111888,0.153153153153153,0.846846846846847,"Black",0,0,0,0,0,0,0,NA,NA,1.25166994904109
"Armwood High School",2024,"Hispanic",114,694,808,2288,0.353146853146853,0.141089108910891,0.858910891089109,"Black",0,0,0,0,0,0,0,NA,NA,1.25166994904109
"Armwood High School",2024,"Multiracial",18,58,76,2288,0.0332167832167832,0.236842105263158,0.763157894736842,"Black",0,0,0,0,0,0,0,NA,NA,1.25166994904109
"Armwood High School ",2025,"White",103,305,408,2160,0.188888888888889,0.252450980392157,0.747549019607843,"Black",0,0,0,0,0,0,0,NA,NA,1.23506321085385
"Armwood High School ",2025,"Asian",18,20,38,2160,0.0175925925925926,0.473684210526316,0.526315789473684,"Black",0,0,0,0,0,0,0,NA,NA,1.23506321085385
"Armwood High School ",2025,"Black",137,718,855,2160,0.395833333333333,0.160233918128655,0.839766081871345,"Black",0,0,0,0,0,0,0,NA,NA,1.23506321085385
"Armwood High School ",2025,"Hispanic",112,674,786,2160,0.363888888888889,0.142493638676845,0.857506361323155,"Black",0,0,0,0,0,0,0,NA,NA,1.23506321085385
"Armwood High School ",2025,"Multiracial",15,58,73,2160,0.0337962962962963,0.205479452054795,0.794520547945205,"Black",0,0,0,0,0,0,0,NA,NA,1.23506321085385
"B C ACADEMY AT BOWERS-WHITLEY",2023,"White",0,24,24,84,0.285714285714286,0,1,"Hispanic",0,0,0,0,0,0,0,1,0,1.07374987128906
"B C ACADEMY AT BOWERS-WHITLEY",2023,"Asian",0,0,0,84,0,NA,NA,"Hispanic",0,0,0,0,0,0,0,1,0,1.07374987128906
"B C ACADEMY AT BOWERS-WHITLEY",2023,"Black",0,23,23,84,0.273809523809524,0,1,"Hispanic",0,0,0,0,0,0,0,1,0,1.07374987128906
"B C ACADEMY AT BOWERS-WHITLEY",2023,"Hispanic",0,37,37,84,0.44047619047619,0,1,"Hispanic",0,0,0,0,0,0,0,1,0,1.07374987128906
"B C ACADEMY AT BOWERS-WHITLEY",2023,"Multiracial",0,0,0,84,0,NA,NA,"Hispanic",0,0,0,0,0,0,0,1,0,1.07374987128906
"BLAKE HIGH SCHOOL",2020,"White",318,55,373,1533,0.243313763861709,0.85254691689008,0.14745308310992,"Black",0,1,0,0,0,0,1,0.685029163966299,0.314970836033701,1.2894426268162
"BLAKE HIGH SCHOOL",2020,"Asian",17,0,17,1533,0.0110893672537508,1,0,"Black",0,1,0,0,0,0,1,0.685029163966299,0.314970836033701,1.2894426268162
"BLAKE HIGH SCHOOL",2020,"Black",247,369,616,1533,0.401826484018265,0.400974025974026,0.599025974025974,"Black",0,1,0,0,0,0,1,0.685029163966299,0.314970836033701,1.2894426268162
"BLAKE HIGH SCHOOL",2020,"Hispanic",229,203,432,1533,0.281800391389432,0.530092592592593,0.469907407407407,"Black",0,1,0,0,0,0,1,0.685029163966299,0.314970836033701,1.2894426268162
"BLAKE HIGH SCHOOL",2020,"Multiracial",67,28,95,1533,0.0619699934768428,0.705263157894737,0.294736842105263,"Black",0,1,0,0,0,0,1,0.685029163966299,0.314970836033701,1.2894426268162
"BLAKE HIGH SCHOOL",2021,"White",291,56,347,1401,0.24768022840828,0.838616714697406,0.161383285302594,"Black",0,1,0,0,0,0,1,0.62597586941093,0.37402413058907,1.2662626479003
"BLAKE HIGH SCHOOL",2021,"Asian",10,0,10,1401,0.00713775874375446,1,0,"Black",0,1,0,0,0,0,1,0.62597586941093,0.37402413058907,1.2662626479003
"BLAKE HIGH SCHOOL",2021,"Black",236,323,559,1401,0.399000713775874,0.422182468694097,0.577817531305903,"Black",0,1,0,0,0,0,1,0.62597586941093,0.37402413058907,1.2662626479003
"BLAKE HIGH SCHOOL",2021,"Hispanic",204,204,408,1401,0.291220556745182,0.5,0.5,"Black",0,1,0,0,0,0,1,0.62597586941093,0.37402413058907,1.2662626479003
"BLAKE HIGH SCHOOL",2021,"Multiracial",52,25,77,1401,0.0549607423269094,0.675324675324675,0.324675324675325,"Black",0,1,0,0,0,0,1,0.62597586941093,0.37402413058907,1.2662626479003
"BLAKE HIGH SCHOOL",2022,"White",271,44,315,1432,0.219972067039106,0.86031746031746,0.13968253968254,"Black",0,1,0,0,0,0,1,1,0,1.27157267394012
"BLAKE HIGH SCHOOL",2022,"Asian",14,0,14,1432,0.00977653631284916,1,0,"Black",0,1,0,0,0,0,1,1,0,1.27157267394012
"BLAKE HIGH SCHOOL",2022,"Black",224,378,602,1432,0.420391061452514,0.372093023255814,0.627906976744186,"Black",0,1,0,0,0,0,1,1,0,1.27157267394012
"BLAKE HIGH SCHOOL",2022,"Hispanic",204,210,414,1432,0.289106145251397,0.492753623188406,0.507246376811594,"Black",0,1,0,0,0,0,1,1,0,1.27157267394012
"BLAKE HIGH SCHOOL",2022,"Multiracial",65,22,87,1432,0.0607541899441341,0.747126436781609,0.252873563218391,"Black",0,1,0,0,0,0,1,1,0,1.27157267394012
"BLAKE HIGH SCHOOL",2023,"White",268,50,318,1487,0.213853396099529,0.842767295597484,0.157232704402516,"Black",0,1,0,0,0,0,1,1,0,1.27633306281054
"BLAKE HIGH SCHOOL",2023,"Asian",18,0,18,1487,0.0121049092131809,1,0,"Black",0,1,0,0,0,0,1,1,0,1.27633306281054
"BLAKE HIGH SCHOOL",2023,"Black",234,385,619,1487,0.416274377942165,0.378029079159935,0.621970920840065,"Black",0,1,0,0,0,0,1,1,0,1.27633306281054
"BLAKE HIGH SCHOOL",2023,"Hispanic",196,248,444,1487,0.298587760591796,0.441441441441441,0.558558558558559,"Black",0,1,0,0,0,0,1,1,0,1.27633306281054
"BLAKE HIGH SCHOOL",2023,"Multiracial",66,22,88,1487,0.0591795561533289,0.75,0.25,"Black",0,1,0,0,0,0,1,1,0,1.27633306281054
"Blake High School",2024,"White",243,58,301,1631,0.184549356223176,0.807308970099668,0.192691029900332,"Black",0,0,0,0,0,0,0,NA,NA,1.23530560507788
"Blake High School",2024,"Asian",18,0,18,1631,0.0110361741263029,1,0,"Black",0,0,0,0,0,0,0,NA,NA,1.23530560507788
"Blake High School",2024,"Black",243,443,686,1631,0.420600858369099,0.354227405247813,0.645772594752187,"Black",0,0,0,0,0,0,0,NA,NA,1.23530560507788
"Blake High School",2024,"Hispanic",226,324,550,1631,0.337216431637033,0.410909090909091,0.589090909090909,"Black",0,0,0,0,0,0,0,NA,NA,1.23530560507788
"Blake High School",2024,"Multiracial",56,20,76,1631,0.0465971796443899,0.736842105263158,0.263157894736842,"Black",0,0,0,0,0,0,0,NA,NA,1.23530560507788
"Blake High School ",2025,"White",213,65,278,1486,0.187079407806191,0.766187050359712,0.233812949640288,"Black",0,0,0,0,0,0,0,NA,NA,1.24239000376692
"Blake High School ",2025,"Asian",16,0,16,1486,0.0107671601615074,1,0,"Black",0,0,0,0,0,0,0,NA,NA,1.24239000376692
"Blake High School ",2025,"Black",228,395,623,1486,0.419246298788694,0.365971107544141,0.634028892455859,"Black",0,0,0,0,0,0,0,NA,NA,1.24239000376692
"Blake High School ",2025,"Hispanic",211,284,495,1486,0.333109017496635,0.426262626262626,0.573737373737374,"Black",0,0,0,0,0,0,0,NA,NA,1.24239000376692
"Blake High School ",2025,"Multiracial",50,24,74,1486,0.0497981157469717,0.675675675675676,0.324324324324324,"Black",0,0,0,0,0,0,0,NA,NA,1.24239000376692
"Building Construction Academy at Bowers Whitley",2024,"White",0,13,13,89,0.146067415730337,0,1,"Hispanic",0,0,0,0,0,0,0,NA,NA,0.91916852373239
"Building Construction Academy at Bowers Whitley",2024,"Asian",0,0,0,89,0,NA,NA,"Hispanic",0,0,0,0,0,0,0,NA,NA,0.91916852373239
"Building Construction Academy at Bowers Whitley",2024,"Black",0,21,21,89,0.235955056179775,0,1,"Hispanic",0,0,0,0,0,0,0,NA,NA,0.91916852373239
"Building Construction Academy at Bowers Whitley",2024,"Hispanic",16,39,55,89,0.617977528089888,0.290909090909091,0.709090909090909,"Hispanic",0,0,0,0,0,0,0,NA,NA,0.91916852373239
"Building Construction Academy at Bowers Whitley",2024,"Multiracial",0,0,0,89,0,NA,NA,"Hispanic",0,0,0,0,0,0,0,NA,NA,0.91916852373239
"DOWDELL MIDDLE SCHOOL",2020,"White",29,70,99,560,0.176785714285714,0.292929292929293,0.707070707070707,"Hispanic",0,0,0,0,0,0,0,0.953818827708703,0.0461811722912966,1.13757539264597
"DOWDELL MIDDLE SCHOOL",2020,"Asian",0,0,0,560,0,NA,NA,"Hispanic",0,0,0,0,0,0,0,0.953818827708703,0.0461811722912966,1.13757539264597
"DOWDELL MIDDLE SCHOOL",2020,"Black",70,67,137,560,0.244642857142857,0.510948905109489,0.489051094890511,"Hispanic",0,0,0,0,0,0,0,0.953818827708703,0.0461811722912966,1.13757539264597
"DOWDELL MIDDLE SCHOOL",2020,"Hispanic",94,202,296,560,0.528571428571429,0.317567567567568,0.682432432432432,"Hispanic",0,0,0,0,0,0,0,0.953818827708703,0.0461811722912966,1.13757539264597
"DOWDELL MIDDLE SCHOOL",2020,"Multiracial",13,15,28,560,0.05,0.464285714285714,0.535714285714286,"Hispanic",0,0,0,0,0,0,0,0.953818827708703,0.0461811722912966,1.13757539264597
"DOWDELL MIDDLE SCHOOL",2021,"White",26,61,87,546,0.159340659340659,0.298850574712644,0.701149425287356,"Hispanic",0,0,0,0,0,0,0,0.902877697841727,0.0971223021582734,1.08518166663818
"DOWDELL MIDDLE SCHOOL",2021,"Asian",0,0,0,546,0,NA,NA,"Hispanic",0,0,0,0,0,0,0,0.902877697841727,0.0971223021582734,1.08518166663818
"DOWDELL MIDDLE SCHOOL",2021,"Black",70,72,142,546,0.26007326007326,0.492957746478873,0.507042253521127,"Hispanic",0,0,0,0,0,0,0,0.902877697841727,0.0971223021582734,1.08518166663818
"DOWDELL MIDDLE SCHOOL",2021,"Hispanic",73,226,299,546,0.547619047619048,0.244147157190635,0.755852842809365,"Hispanic",0,0,0,0,0,0,0,0.902877697841727,0.0971223021582734,1.08518166663818
"DOWDELL MIDDLE SCHOOL",2021,"Multiracial",0,18,18,546,0.032967032967033,0,1,"Hispanic",0,0,0,0,0,0,0,0.902877697841727,0.0971223021582734,1.08518166663818
"DOWDELL MIDDLE SCHOOL",2022,"White",20,47,67,512,0.130859375,0.298507462686567,0.701492537313433,"Hispanic",0,0,0,0,0,0,0,1,0,1.05193165289502
"DOWDELL MIDDLE SCHOOL",2022,"Asian",0,0,0,512,0,NA,NA,"Hispanic",0,0,0,0,0,0,0,1,0,1.05193165289502
"DOWDELL MIDDLE SCHOOL",2022,"Black",62,64,126,512,0.24609375,0.492063492063492,0.507936507936508,"Hispanic",0,0,0,0,0,0,0,1,0,1.05193165289502
"DOWDELL MIDDLE SCHOOL",2022,"Hispanic",62,237,299,512,0.583984375,0.207357859531773,0.792642140468227,"Hispanic",0,0,0,0,0,0,0,1,0,1.05193165289502
"DOWDELL MIDDLE SCHOOL",2022,"Multiracial",0,20,20,512,0.0390625,0,1,"Hispanic",0,0,0,0,0,0,0,1,0,1.05193165289502
"DOWDELL MIDDLE SCHOOL",2023,"White",19,54,73,535,0.136448598130841,0.26027397260274,0.73972602739726,"Hispanic",0,0,0,0,0,0,0,1,0,1.09729033092776
"DOWDELL MIDDLE SCHOOL",2023,"Asian",0,0,0,535,0,NA,NA,"Hispanic",0,0,0,0,0,0,0,1,0,1.09729033092776
"DOWDELL MIDDLE SCHOOL",2023,"Black",68,69,137,535,0.25607476635514,0.496350364963504,0.503649635036496,"Hispanic",0,0,0,0,0,0,0,1,0,1.09729033092776
"DOWDELL MIDDLE SCHOOL",2023,"Hispanic",62,236,298,535,0.557009345794393,0.208053691275168,0.791946308724832,"Hispanic",0,0,0,0,0,0,0,1,0,1.09729033092776
"DOWDELL MIDDLE SCHOOL",2023,"Multiracial",0,27,27,535,0.0504672897196262,0,1,"Hispanic",0,0,0,0,0,0,0,1,0,1.09729033092776
"Dowdell Middle Magnet School",2024,"White",24,80,104,799,0.130162703379224,0.230769230769231,0.769230769230769,"Hispanic",0,0,0,0,0,0,0,NA,NA,1.07007563632577
"Dowdell Middle Magnet School",2024,"Asian",0,0,0,799,0,NA,NA,"Hispanic",0,0,0,0,0,0,0,NA,NA,1.07007563632577
"Dowdell Middle Magnet School",2024,"Black",70,133,203,799,0.254067584480601,0.344827586206897,0.655172413793103,"Hispanic",0,0,0,0,0,0,0,NA,NA,1.07007563632577
"Dowdell Middle Magnet School",2024,"Hispanic",50,407,457,799,0.571964956195244,0.109409190371991,0.890590809628009,"Hispanic",0,0,0,0,0,0,0,NA,NA,1.07007563632577
"Dowdell Middle Magnet School",2024,"Multiracial",0,35,35,799,0.0438047559449312,0,1,"Hispanic",0,0,0,0,0,0,0,NA,NA,1.07007563632577
"Dowdell Middle Magnet School ",2025,"White",18,64,82,607,0.135090609555189,0.219512195121951,0.780487804878049,"Hispanic",0,0,0,0,0,0,0,NA,NA,1.01728146882634
"Dowdell Middle Magnet School ",2025,"Asian",0,0,0,607,0,NA,NA,"Hispanic",0,0,0,0,0,0,0,NA,NA,1.01728146882634
"Dowdell Middle Magnet School ",2025,"Black",47,87,134,607,0.220757825370675,0.350746268656716,0.649253731343284,"Hispanic",0,0,0,0,0,0,0,NA,NA,1.01728146882634
"Dowdell Middle Magnet School ",2025,"Hispanic",56,315,371,607,0.611202635914333,0.150943396226415,0.849056603773585,"Hispanic",0,0,0,0,0,0,0,NA,NA,1.01728146882634
"Dowdell Middle Magnet School ",2025,"Multiracial",0,20,20,607,0.0329489291598023,0,1,"Hispanic",0,0,0,0,0,0,0,NA,NA,1.01728146882634
"ESSRIG ELEMENTARY",2022,"White",11,132,143,566,0.252650176678445,0.0769230769230769,0.923076923076923,"Hispanic",0,0,0,0,0,0,0,1,0,1.208736162924
"ESSRIG ELEMENTARY",2022,"Asian",0,30,30,566,0.0530035335689046,0,1,"Hispanic",0,0,0,0,0,0,0,1,0,1.208736162924
"ESSRIG ELEMENTARY",2022,"Black",0,43,43,566,0.0759717314487632,0,1,"Hispanic",0,0,0,0,0,0,0,1,0,1.208736162924
"ESSRIG ELEMENTARY",2022,"Hispanic",16,296,312,566,0.551236749116608,0.0512820512820513,0.948717948717949,"Hispanic",0,0,0,0,0,0,0,1,0,1.208736162924
"ESSRIG ELEMENTARY",2022,"Multiracial",0,38,38,566,0.0671378091872792,0,1,"Hispanic",0,0,0,0,0,0,0,1,0,1.208736162924
"ESSRIG ELEMENTARY",2023,"White",14,132,146,578,0.252595155709343,0.0958904109589041,0.904109589041096,"Hispanic",0,0,0,0,0,0,0,1,0,1.20686359357391
"ESSRIG ELEMENTARY",2023,"Asian",0,30,30,578,0.0519031141868512,0,1,"Hispanic",0,0,0,0,0,0,0,1,0,1.20686359357391
"ESSRIG ELEMENTARY",2023,"Black",0,38,38,578,0.0657439446366782,0,1,"Hispanic",0,0,0,0,0,0,0,1,0,1.20686359357391
"ESSRIG ELEMENTARY",2023,"Hispanic",15,304,319,578,0.551903114186851,0.0470219435736677,0.952978056426332,"Hispanic",0,0,0,0,0,0,0,1,0,1.20686359357391
"ESSRIG ELEMENTARY",2023,"Multiracial",0,45,45,578,0.0778546712802768,0,1,"Hispanic",0,0,0,0,0,0,0,1,0,1.20686359357391
"Essrig Elementary School",2024,"White",23,134,157,640,0.2453125,0.146496815286624,0.853503184713376,"Hispanic",0,0,0,0,0,0,0,NA,NA,1.15599823181648
"Essrig Elementary School",2024,"Asian",0,22,22,640,0.034375,0,1,"Hispanic",0,0,0,0,0,0,0,NA,NA,1.15599823181648
"Essrig Elementary School",2024,"Black",16,34,50,640,0.078125,0.32,0.68,"Hispanic",0,0,0,0,0,0,0,NA,NA,1.15599823181648
"Essrig Elementary School",2024,"Hispanic",23,346,369,640,0.5765625,0.0623306233062331,0.937669376693767,"Hispanic",0,0,0,0,0,0,0,NA,NA,1.15599823181648
"Essrig Elementary School",2024,"Multiracial",12,30,42,640,0.065625,0.285714285714286,0.714285714285714,"Hispanic",0,0,0,0,0,0,0,NA,NA,1.15599823181648
"Essrig Elementary School ",2025,"White",34,110,144,576,0.25,0.236111111111111,0.763888888888889,"Hispanic",0,0,0,0,0,0,0,NA,NA,1.12708796564992
"Essrig Elementary School ",2025,"Asian",0,23,23,576,0.0399305555555556,0,1,"Hispanic",0,0,0,0,0,0,0,NA,NA,1.12708796564992
"Essrig Elementary School ",2025,"Black",12,26,38,576,0.0659722222222222,0.315789473684211,0.684210526315789,"Hispanic",0,0,0,0,0,0,0,NA,NA,1.12708796564992
"Essrig Elementary School ",2025,"Hispanic",25,314,339,576,0.588541666666667,0.0737463126843658,0.926253687315634,"Hispanic",0,0,0,0,0,0,0,NA,NA,1.12708796564992
"Essrig Elementary School ",2025,"Multiracial",10,22,32,576,0.0555555555555556,0.3125,0.6875,"Hispanic",0,0,0,0,0,0,0,NA,NA,1.12708796564992
"HILLSBOROUGH HIGH SCHOOL",2020,"White",180,142,322,1847,0.174336762317271,0.559006211180124,0.440993788819876,"Hispanic",0,0,0,0,0,0,0,0.706868577609519,0.293131422390481,1.38671083295364
"HILLSBOROUGH HIGH SCHOOL",2020,"Asian",136,21,157,1847,0.0850027070925826,0.866242038216561,0.133757961783439,"Hispanic",0,0,0,0,0,0,0,0.706868577609519,0.293131422390481,1.38671083295364
"HILLSBOROUGH HIGH SCHOOL",2020,"Black",47,503,550,1847,0.297780184082296,0.0854545454545454,0.914545454545455,"Hispanic",0,0,0,0,0,0,0,0.706868577609519,0.293131422390481,1.38671083295364
"HILLSBOROUGH HIGH SCHOOL",2020,"Hispanic",99,631,730,1847,0.395235517054683,0.135616438356164,0.864383561643836,"Hispanic",0,0,0,0,0,0,0,0.706868577609519,0.293131422390481,1.38671083295364
"HILLSBOROUGH HIGH SCHOOL",2020,"Multiracial",29,59,88,1847,0.0476448294531673,0.329545454545455,0.670454545454545,"Hispanic",0,0,0,0,0,0,0,0.706868577609519,0.293131422390481,1.38671083295364
"HILLSBOROUGH HIGH SCHOOL",2021,"White",156,157,313,1827,0.171319102353585,0.498402555910543,0.501597444089457,"Hispanic",0,0,0,0,0,0,0,0.649535265172225,0.350464734827775,1.39283969023964
"HILLSBOROUGH HIGH SCHOOL",2021,"Asian",138,24,162,1827,0.0886699507389163,0.851851851851852,0.148148148148148,"Hispanic",0,0,0,0,0,0,0,0.649535265172225,0.350464734827775,1.39283969023964
"HILLSBOROUGH HIGH SCHOOL",2021,"Black",40,518,558,1827,0.305418719211823,0.0716845878136201,0.92831541218638,"Hispanic",0,0,0,0,0,0,0,0.649535265172225,0.350464734827775,1.39283969023964
"HILLSBOROUGH HIGH SCHOOL",2021,"Hispanic",96,610,706,1827,0.386425834701697,0.135977337110482,0.864022662889518,"Hispanic",0,0,0,0,0,0,0,0.649535265172225,0.350464734827775,1.39283969023964
"HILLSBOROUGH HIGH SCHOOL",2021,"Multiracial",26,62,88,1827,0.0481663929939792,0.295454545454545,0.704545454545455,"Hispanic",0,0,0,0,0,0,0,0.649535265172225,0.350464734827775,1.39283969023964
"HILLSBOROUGH HIGH SCHOOL",2022,"White",148,149,297,1807,0.164360819037078,0.498316498316498,0.501683501683502,"Hispanic",0,0,0,0,0,0,0,1,0,1.36431824912316
"HILLSBOROUGH HIGH SCHOOL",2022,"Asian",134,20,154,1807,0.085224128389596,0.87012987012987,0.12987012987013,"Hispanic",0,0,0,0,0,0,0,1,0,1.36431824912316
"HILLSBOROUGH HIGH SCHOOL",2022,"Black",40,476,516,1807,0.285556170448257,0.0775193798449612,0.922480620155039,"Hispanic",0,0,0,0,0,0,0,1,0,1.36431824912316
"HILLSBOROUGH HIGH SCHOOL",2022,"Hispanic",110,652,762,1807,0.42169341449917,0.144356955380577,0.855643044619423,"Hispanic",0,0,0,0,0,0,0,1,0,1.36431824912316
"HILLSBOROUGH HIGH SCHOOL",2022,"Multiracial",26,52,78,1807,0.0431654676258993,0.333333333333333,0.666666666666667,"Hispanic",0,0,0,0,0,0,0,1,0,1.36431824912316
"HILLSBOROUGH HIGH SCHOOL",2023,"White",127,120,247,1662,0.148616125150421,0.51417004048583,0.48582995951417,"Hispanic",0,0,0,0,0,0,0,1,0,1.35841069071531
"HILLSBOROUGH HIGH SCHOOL",2023,"Asian",109,32,141,1662,0.0848375451263538,0.773049645390071,0.226950354609929,"Hispanic",0,0,0,0,0,0,0,1,0,1.35841069071531
"HILLSBOROUGH HIGH SCHOOL",2023,"Black",42,447,489,1662,0.294223826714801,0.0858895705521472,0.914110429447853,"Hispanic",0,0,0,0,0,0,0,1,0,1.35841069071531
"HILLSBOROUGH HIGH SCHOOL",2023,"Hispanic",91,617,708,1662,0.425992779783394,0.128531073446328,0.871468926553672,"Hispanic",0,0,0,0,0,0,0,1,0,1.35841069071531
"HILLSBOROUGH HIGH SCHOOL",2023,"Multiracial",28,49,77,1662,0.0463297232250301,0.363636363636364,0.636363636363636,"Hispanic",0,0,0,0,0,0,0,1,0,1.35841069071531
"Hillsborough High School",2024,"White",120,111,231,1730,0.133526011560694,0.519480519480519,0.480519480519481,"Hispanic",0,0,0,0,0,0,0,NA,NA,1.25688191701277
"Hillsborough High School",2024,"Asian",99,22,121,1730,0.0699421965317919,0.818181818181818,0.181818181818182,"Hispanic",0,0,0,0,0,0,0,NA,NA,1.25688191701277
"Hillsborough High School",2024,"Black",55,428,483,1730,0.279190751445087,0.113871635610766,0.886128364389234,"Hispanic",0,0,0,0,0,0,0,NA,NA,1.25688191701277
"Hillsborough High School",2024,"Hispanic",104,745,849,1730,0.490751445086705,0.122497055359246,0.877502944640754,"Hispanic",0,0,0,0,0,0,0,NA,NA,1.25688191701277
"Hillsborough High School",2024,"Multiracial",26,20,46,1730,0.0265895953757225,0.565217391304348,0.434782608695652,"Hispanic",0,0,0,0,0,0,0,NA,NA,1.25688191701277
"Hillsborough High School ",2025,"White",98,79,177,1519,0.116524028966425,0.553672316384181,0.446327683615819,"Hispanic",0,0,0,0,0,0,0,NA,NA,1.23384830983295
"Hillsborough High School ",2025,"Asian",80,17,97,1519,0.0638578011849901,0.824742268041237,0.175257731958763,"Hispanic",0,0,0,0,0,0,0,NA,NA,1.23384830983295
"Hillsborough High School ",2025,"Black",60,365,425,1519,0.279789335088874,0.141176470588235,0.858823529411765,"Hispanic",0,0,0,0,0,0,0,NA,NA,1.23384830983295
"Hillsborough High School ",2025,"Hispanic",101,672,773,1519,0.508887425938117,0.130659767141009,0.869340232858991,"Hispanic",0,0,0,0,0,0,0,NA,NA,1.23384830983295
"Hillsborough High School ",2025,"Multiracial",25,22,47,1519,0.0309414088215932,0.531914893617021,0.468085106382979,"Hispanic",0,0,0,0,0,0,0,NA,NA,1.23384830983295
"JEFFERSON HIGH SCHOOL",2020,"White",70,51,121,1467,0.0824812542603954,0.578512396694215,0.421487603305785,"Hispanic",0,0,0,0,0,0,0,0.8234100135318,0.1765899864682,1.06368592774843
"JEFFERSON HIGH SCHOOL",2020,"Asian",0,11,11,1467,0.00749829584185412,0,1,"Hispanic",0,0,0,0,0,0,0,0.8234100135318,0.1765899864682,1.06368592774843
"JEFFERSON HIGH SCHOOL",2020,"Black",208,283,491,1467,0.334696659850034,0.423625254582485,0.576374745417515,"Hispanic",0,0,0,0,0,0,0,0.8234100135318,0.1765899864682,1.06368592774843
"JEFFERSON HIGH SCHOOL",2020,"Hispanic",279,511,790,1467,0.538513974096796,0.353164556962025,0.646835443037975,"Hispanic",0,0,0,0,0,0,0,0.8234100135318,0.1765899864682,1.06368592774843
"JEFFERSON HIGH SCHOOL",2020,"Multiracial",26,28,54,1467,0.0368098159509202,0.481481481481481,0.518518518518518,"Hispanic",0,0,0,0,0,0,0,0.8234100135318,0.1765899864682,1.06368592774843
"JEFFERSON HIGH SCHOOL",2021,"White",68,54,122,1303,0.0936300844205679,0.557377049180328,0.442622950819672,"Hispanic",0,0,0,0,0,0,0,0.75609756097561,0.24390243902439,1.05255355211205
"JEFFERSON HIGH SCHOOL",2021,"Asian",0,11,11,1303,0.00844205679201842,0,1,"Hispanic",0,0,0,0,0,0,0,0.75609756097561,0.24390243902439,1.05255355211205
"JEFFERSON HIGH SCHOOL",2021,"Black",168,234,402,1303,0.308518802762855,0.417910447761194,0.582089552238806,"Hispanic",0,0,0,0,0,0,0,0.75609756097561,0.24390243902439,1.05255355211205
"JEFFERSON HIGH SCHOOL",2021,"Hispanic",257,473,730,1303,0.560245587106677,0.352054794520548,0.647945205479452,"Hispanic",0,0,0,0,0,0,0,0.75609756097561,0.24390243902439,1.05255355211205
"JEFFERSON HIGH SCHOOL",2021,"Multiracial",20,18,38,1303,0.0291634689178818,0.526315789473684,0.473684210526316,"Hispanic",0,0,0,0,0,0,0,0.75609756097561,0.24390243902439,1.05255355211205
"JEFFERSON HIGH SCHOOL",2022,"White",51,56,107,1262,0.0847860538827258,0.476635514018692,0.523364485981308,"Hispanic",0,0,0,0,0,0,0,1,0,1.01669609967136
"JEFFERSON HIGH SCHOOL",2022,"Asian",0,11,11,1262,0.00871632329635499,0,1,"Hispanic",0,0,0,0,0,0,0,1,0,1.01669609967136
"JEFFERSON HIGH SCHOOL",2022,"Black",155,188,343,1262,0.271790808240887,0.451895043731778,0.548104956268222,"Hispanic",0,0,0,0,0,0,0,1,0,1.01669609967136
"JEFFERSON HIGH SCHOOL",2022,"Hispanic",216,546,762,1262,0.603803486529319,0.283464566929134,0.716535433070866,"Hispanic",0,0,0,0,0,0,0,1,0,1.01669609967136
"JEFFERSON HIGH SCHOOL",2022,"Multiracial",16,23,39,1262,0.0309033280507132,0.41025641025641,0.58974358974359,"Hispanic",0,0,0,0,0,0,0,1,0,1.01669609967136
"JEFFERSON HIGH SCHOOL",2023,"White",45,52,97,1313,0.0738766184310739,0.463917525773196,0.536082474226804,"Hispanic",0,0,0,0,0,0,0,1,0,1.01111418295389
"JEFFERSON HIGH SCHOOL",2023,"Asian",0,12,12,1313,0.00913937547600914,0,1,"Hispanic",0,0,0,0,0,0,0,1,0,1.01111418295389
"JEFFERSON HIGH SCHOOL",2023,"Black",166,185,351,1313,0.267326732673267,0.472934472934473,0.527065527065527,"Hispanic",0,0,0,0,0,0,0,1,0,1.01111418295389
"JEFFERSON HIGH SCHOOL",2023,"Hispanic",208,596,804,1313,0.612338156892612,0.258706467661692,0.741293532338308,"Hispanic",0,0,0,0,0,0,0,1,0,1.01111418295389
"JEFFERSON HIGH SCHOOL",2023,"Multiracial",22,27,49,1313,0.0373191165270373,0.448979591836735,0.551020408163265,"Hispanic",0,0,0,0,0,0,0,1,0,1.01111418295389
"Jefferson High School",2024,"White",36,49,85,1365,0.0622710622710623,0.423529411764706,0.576470588235294,"Hispanic",0,0,0,0,0,0,0,NA,NA,0.979784174282656
"Jefferson High School",2024,"Asian",0,11,11,1365,0.00805860805860806,0,1,"Hispanic",0,0,0,0,0,0,0,NA,NA,0.979784174282656
"Jefferson High School",2024,"Black",179,205,384,1365,0.281318681318681,0.466145833333333,0.533854166666667,"Hispanic",0,0,0,0,0,0,0,NA,NA,0.979784174282656
"Jefferson High School",2024,"Hispanic",228,612,840,1365,0.615384615384615,0.271428571428571,0.728571428571429,"Hispanic",0,0,0,0,0,0,0,NA,NA,0.979784174282656
"Jefferson High School",2024,"Multiracial",23,22,45,1365,0.032967032967033,0.511111111111111,0.488888888888889,"Hispanic",0,0,0,0,0,0,0,NA,NA,0.979784174282656
"Jefferson High School ",2025,"White",35,57,92,1180,0.0779661016949153,0.380434782608696,0.619565217391304,"Hispanic",0,0,0,0,0,0,0,NA,NA,1.03495292016436
"Jefferson High School ",2025,"Asian",0,12,12,1180,0.0101694915254237,0,1,"Hispanic",0,0,0,0,0,0,0,NA,NA,1.03495292016436
"Jefferson High School ",2025,"Black",151,185,336,1180,0.284745762711864,0.449404761904762,0.550595238095238,"Hispanic",0,0,0,0,0,0,0,NA,NA,1.03495292016436
"Jefferson High School ",2025,"Hispanic",203,494,697,1180,0.590677966101695,0.291248206599713,0.708751793400287,"Hispanic",0,0,0,0,0,0,0,NA,NA,1.03495292016436
"Jefferson High School ",2025,"Multiracial",23,20,43,1180,0.0364406779661017,0.534883720930233,0.465116279069767,"Hispanic",0,0,0,0,0,0,0,NA,NA,1.03495292016436
"KING HIGH SCHOOL",2020,"White",79,143,222,1551,0.143133462282398,0.355855855855856,0.644144144144144,"Black",0,0,1,0,0,0,1,0.676962676962677,0.323037323037323,1.42460383600476
"KING HIGH SCHOOL",2020,"Asian",266,19,285,1551,0.183752417794971,0.933333333333333,0.0666666666666667,"Black",0,0,1,0,0,0,1,0.676962676962677,0.323037323037323,1.42460383600476
"KING HIGH SCHOOL",2020,"Black",55,610,665,1551,0.428755641521599,0.0827067669172932,0.917293233082707,"Black",0,0,1,0,0,0,1,0.676962676962677,0.323037323037323,1.42460383600476
"KING HIGH SCHOOL",2020,"Hispanic",45,252,297,1551,0.191489361702128,0.151515151515152,0.848484848484849,"Black",0,0,1,0,0,0,1,0.676962676962677,0.323037323037323,1.42460383600476
"KING HIGH SCHOOL",2020,"Multiracial",29,53,82,1551,0.0528691166989039,0.353658536585366,0.646341463414634,"Black",0,0,1,0,0,0,1,0.676962676962677,0.323037323037323,1.42460383600476
"KING HIGH SCHOOL",2021,"White",65,138,203,1456,0.139423076923077,0.320197044334975,0.679802955665025,"Black",0,0,1,0,0,0,1,0.637422892392049,0.362577107607951,1.39744067210487
"KING HIGH SCHOOL",2021,"Asian",221,19,240,1456,0.164835164835165,0.920833333333333,0.0791666666666667,"Black",0,0,1,0,0,0,1,0.637422892392049,0.362577107607951,1.39744067210487
"KING HIGH SCHOOL",2021,"Black",46,604,650,1456,0.446428571428571,0.0707692307692308,0.929230769230769,"Black",0,0,1,0,0,0,1,0.637422892392049,0.362577107607951,1.39744067210487
"KING HIGH SCHOOL",2021,"Hispanic",42,254,296,1456,0.203296703296703,0.141891891891892,0.858108108108108,"Black",0,0,1,0,0,0,1,0.637422892392049,0.362577107607951,1.39744067210487
"KING HIGH SCHOOL",2021,"Multiracial",28,39,67,1456,0.0460164835164835,0.417910447761194,0.582089552238806,"Black",0,0,1,0,0,0,1,0.637422892392049,0.362577107607951,1.39744067210487
"KING HIGH SCHOOL",2022,"White",54,124,178,1282,0.138845553822153,0.303370786516854,0.696629213483146,"Black",0,0,1,0,0,0,1,1,0,1.38868779645607
"KING HIGH SCHOOL",2022,"Asian",161,19,180,1282,0.140405616224649,0.894444444444444,0.105555555555556,"Black",0,0,1,0,0,0,1,1,0,1.38868779645607
"KING HIGH SCHOOL",2022,"Black",39,548,587,1282,0.457878315132605,0.0664395229982964,0.933560477001704,"Black",0,0,1,0,0,0,1,1,0,1.38868779645607
"KING HIGH SCHOOL",2022,"Hispanic",34,237,271,1282,0.211388455538222,0.125461254612546,0.874538745387454,"Black",0,0,1,0,0,0,1,1,0,1.38868779645607
"KING HIGH SCHOOL",2022,"Multiracial",22,44,66,1282,0.0514820592823713,0.333333333333333,0.666666666666667,"Black",0,0,1,0,0,0,1,1,0,1.38868779645607
"KING HIGH SCHOOL",2023,"White",56,119,175,1186,0.147554806070826,0.32,0.68,"Black",0,0,1,0,0,0,1,1,0,1.39725175752139
"KING HIGH SCHOOL",2023,"Asian",116,42,158,1186,0.133220910623946,0.734177215189873,0.265822784810127,"Black",0,0,1,0,0,0,1,1,0,1.39725175752139
"KING HIGH SCHOOL",2023,"Black",33,490,523,1186,0.440978077571669,0.0630975143403442,0.936902485659656,"Black",0,0,1,0,0,0,1,1,0,1.39725175752139
"KING HIGH SCHOOL",2023,"Hispanic",23,249,272,1186,0.229342327150084,0.0845588235294118,0.915441176470588,"Black",0,0,1,0,0,0,1,1,0,1.39725175752139
"KING HIGH SCHOOL",2023,"Multiracial",24,34,58,1186,0.0489038785834739,0.413793103448276,0.586206896551724,"Black",0,0,1,0,0,0,1,1,0,1.39725175752139
"King High School",2024,"White",53,130,183,1183,0.15469146238377,0.289617486338798,0.710382513661202,"Black",0,0,0,0,0,0,0,NA,NA,1.38490909889452
"King High School",2024,"Asian",85,53,138,1183,0.11665257819104,0.615942028985507,0.384057971014493,"Black",0,0,0,0,0,0,0,NA,NA,1.38490909889452
"King High School",2024,"Black",40,489,529,1183,0.447168216398986,0.0756143667296786,0.924385633270321,"Black",0,0,0,0,0,0,0,NA,NA,1.38490909889452
"King High School",2024,"Hispanic",15,261,276,1183,0.233305156382079,0.0543478260869565,0.945652173913043,"Black",0,0,0,0,0,0,0,NA,NA,1.38490909889452
"King High School",2024,"Multiracial",16,41,57,1183,0.0481825866441251,0.280701754385965,0.719298245614035,"Black",0,0,0,0,0,0,0,NA,NA,1.38490909889452
"King High School ",2025,"White",49,89,138,939,0.146964856230032,0.355072463768116,0.644927536231884,"Black",0,0,0,0,0,0,0,NA,NA,1.3561441521954
"King High School ",2025,"Asian",56,42,98,939,0.104366347177849,0.571428571428571,0.428571428571429,"Black",0,0,0,0,0,0,0,NA,NA,1.3561441521954
"King High School ",2025,"Black",34,398,432,939,0.460063897763578,0.0787037037037037,0.921296296296296,"Black",0,0,0,0,0,0,0,NA,NA,1.3561441521954
"King High School ",2025,"Hispanic",14,216,230,939,0.244941427050053,0.0608695652173913,0.939130434782609,"Black",0,0,0,0,0,0,0,NA,NA,1.3561441521954
"King High School ",2025,"Multiracial",11,30,41,939,0.0436634717784878,0.268292682926829,0.731707317073171,"Black",0,0,0,0,0,0,0,NA,NA,1.3561441521954
"LENNARD HIGH SCHOOL",2020,"White",182,433,615,2259,0.272244355909695,0.295934959349594,0.704065040650407,"Hispanic",0,0,0,0,0,0,0,0.667108167770419,0.332891832229581,1.27932524360982
"LENNARD HIGH SCHOOL",2020,"Asian",21,27,48,2259,0.0212483399734396,0.4375,0.5625,"Hispanic",0,0,0,0,0,0,0,0.667108167770419,0.332891832229581,1.27932524360982
"LENNARD HIGH SCHOOL",2020,"Black",55,434,489,2259,0.216467463479416,0.112474437627812,0.887525562372188,"Hispanic",0,0,0,0,0,0,0,0.667108167770419,0.332891832229581,1.27932524360982
"LENNARD HIGH SCHOOL",2020,"Hispanic",80,913,993,2259,0.439575033200531,0.080563947633434,0.919436052366566,"Hispanic",0,0,0,0,0,0,0,0.667108167770419,0.332891832229581,1.27932524360982
"LENNARD HIGH SCHOOL",2020,"Multiracial",19,95,114,2259,0.050464807436919,0.166666666666667,0.833333333333333,"Hispanic",0,0,0,0,0,0,0,0.667108167770419,0.332891832229581,1.27932524360982
"LENNARD HIGH SCHOOL",2021,"White",187,406,593,2149,0.275942298743602,0.315345699831366,0.684654300168634,"Hispanic",0,0,0,0,0,0,0,0.583372039015327,0.416627960984673,1.27156419931904
"LENNARD HIGH SCHOOL",2021,"Asian",20,21,41,2149,0.0190786412284784,0.48780487804878,0.51219512195122,"Hispanic",0,0,0,0,0,0,0,0.583372039015327,0.416627960984673,1.27156419931904
"LENNARD HIGH SCHOOL",2021,"Black",63,424,487,2149,0.226617031177292,0.129363449691992,0.870636550308008,"Hispanic",0,0,0,0,0,0,0,0.583372039015327,0.416627960984673,1.27156419931904
"LENNARD HIGH SCHOOL",2021,"Hispanic",88,841,929,2149,0.432294090274546,0.0947255113024758,0.905274488697524,"Hispanic",0,0,0,0,0,0,0,0.583372039015327,0.416627960984673,1.27156419931904
"LENNARD HIGH SCHOOL",2021,"Multiracial",21,78,99,2149,0.0460679385760819,0.212121212121212,0.787878787878788,"Hispanic",0,0,0,0,0,0,0,0.583372039015327,0.416627960984673,1.27156419931904
"LENNARD HIGH SCHOOL",2022,"White",210,465,675,2296,0.293989547038328,0.311111111111111,0.688888888888889,"Hispanic",0,0,0,0,0,0,0,1,0,1.27997689439165
"LENNARD HIGH SCHOOL",2022,"Asian",17,21,38,2296,0.0165505226480836,0.447368421052632,0.552631578947368,"Hispanic",0,0,0,0,0,0,0,1,0,1.27997689439165
"LENNARD HIGH SCHOOL",2022,"Black",64,455,519,2296,0.226045296167247,0.123314065510597,0.876685934489403,"Hispanic",0,0,0,0,0,0,0,1,0,1.27997689439165
"LENNARD HIGH SCHOOL",2022,"Hispanic",72,876,948,2296,0.412891986062718,0.0759493670886076,0.924050632911392,"Hispanic",0,0,0,0,0,0,0,1,0,1.27997689439165
"LENNARD HIGH SCHOOL",2022,"Multiracial",23,93,116,2296,0.0505226480836237,0.198275862068966,0.801724137931034,"Hispanic",0,0,0,0,0,0,0,1,0,1.27997689439165
"LENNARD HIGH SCHOOL",2023,"White",218,438,656,2318,0.283002588438309,0.332317073170732,0.667682926829268,"Hispanic",0,0,0,0,0,0,0,1,0,1.28347286081256
"LENNARD HIGH SCHOOL",2023,"Asian",15,23,38,2318,0.0163934426229508,0.394736842105263,0.605263157894737,"Hispanic",0,0,0,0,0,0,0,1,0,1.28347286081256
"LENNARD HIGH SCHOOL",2023,"Black",61,477,538,2318,0.232096635030198,0.113382899628253,0.886617100371747,"Hispanic",0,0,0,0,0,0,0,1,0,1.28347286081256
"LENNARD HIGH SCHOOL",2023,"Hispanic",82,882,964,2318,0.415875754961173,0.0850622406639004,0.9149377593361,"Hispanic",0,0,0,0,0,0,0,1,0,1.28347286081256
"LENNARD HIGH SCHOOL",2023,"Multiracial",21,101,122,2318,0.0526315789473684,0.172131147540984,0.827868852459016,"Hispanic",0,0,0,0,0,0,0,1,0,1.28347286081256
"LETO HIGH SCHOOL",2020,"White",49,112,161,1999,0.0805402701350675,0.304347826086957,0.695652173913043,"Hispanic",0,0,0,0,0,0,0,0.87543771885943,0.12456228114057,0.793061307426028
"LETO HIGH SCHOOL",2020,"Asian",19,34,53,1999,0.0265132566283142,0.358490566037736,0.641509433962264,"Hispanic",0,0,0,0,0,0,0,0.87543771885943,0.12456228114057,0.793061307426028
"LETO HIGH SCHOOL",2020,"Black",19,118,137,1999,0.0685342671335668,0.138686131386861,0.861313868613139,"Hispanic",0,0,0,0,0,0,0,0.87543771885943,0.12456228114057,0.793061307426028
"LETO HIGH SCHOOL",2020,"Hispanic",270,1304,1574,1999,0.787393696848424,0.1715374841169,0.8284625158831,"Hispanic",0,0,0,0,0,0,0,0.87543771885943,0.12456228114057,0.793061307426028
"LETO HIGH SCHOOL",2020,"Multiracial",22,52,74,1999,0.0370185092546273,0.297297297297297,0.702702702702703,"Hispanic",0,0,0,0,0,0,0,0.87543771885943,0.12456228114057,0.793061307426028
"LETO HIGH SCHOOL",2021,"White",41,116,157,1865,0.0841823056300268,0.261146496815287,0.738853503184713,"Hispanic",0,0,0,0,0,0,0,0.824128686327078,0.175871313672922,0.797127992436313
"LETO HIGH SCHOOL",2021,"Asian",19,38,57,1865,0.0305630026809651,0.333333333333333,0.666666666666667,"Hispanic",0,0,0,0,0,0,0,0.824128686327078,0.175871313672922,0.797127992436313
"LETO HIGH SCHOOL",2021,"Black",13,121,134,1865,0.0718498659517426,0.0970149253731343,0.902985074626866,"Hispanic",0,0,0,0,0,0,0,0.824128686327078,0.175871313672922,0.797127992436313
"LETO HIGH SCHOOL",2021,"Hispanic",239,1224,1463,1865,0.784450402144772,0.163362952836637,0.836637047163363,"Hispanic",0,0,0,0,0,0,0,0.824128686327078,0.175871313672922,0.797127992436313
"LETO HIGH SCHOOL",2021,"Multiracial",16,38,54,1865,0.0289544235924933,0.296296296296296,0.703703703703704,"Hispanic",0,0,0,0,0,0,0,0.824128686327078,0.175871313672922,0.797127992436313
"LETO HIGH SCHOOL",2022,"White",39,137,176,1987,0.0885757423251132,0.221590909090909,0.778409090909091,"Hispanic",0,0,0,0,0,0,0,1,0,0.760713412615475
"LETO HIGH SCHOOL",2022,"Asian",15,33,48,1987,0.0241570206341218,0.3125,0.6875,"Hispanic",0,0,0,0,0,0,0,1,0,0.760713412615475
"LETO HIGH SCHOOL",2022,"Black",13,112,125,1987,0.0629089079013588,0.104,0.896,"Hispanic",0,0,0,0,0,0,0,1,0,0.760713412615475
"LETO HIGH SCHOOL",2022,"Hispanic",248,1334,1582,1987,0.796175138399597,0.156763590391909,0.843236409608091,"Hispanic",0,0,0,0,0,0,0,1,0,0.760713412615475
"LETO HIGH SCHOOL",2022,"Multiracial",18,38,56,1987,0.0281831907398088,0.321428571428571,0.678571428571429,"Hispanic",0,0,0,0,0,0,0,1,0,0.760713412615475
"LETO HIGH SCHOOL",2023,"White",30,135,165,2054,0.0803310613437196,0.181818181818182,0.818181818181818,"Hispanic",0,0,0,0,0,0,0,1,0,0.731319678901309
"LETO HIGH SCHOOL",2023,"Asian",19,27,46,2054,0.0223953261927945,0.41304347826087,0.58695652173913,"Hispanic",0,0,0,0,0,0,0,1,0,0.731319678901309
"LETO HIGH SCHOOL",2023,"Black",16,123,139,2054,0.0676728334956183,0.115107913669065,0.884892086330935,"Hispanic",0,0,0,0,0,0,0,1,0,0.731319678901309
"LETO HIGH SCHOOL",2023,"Hispanic",229,1427,1656,2054,0.806231742940604,0.138285024154589,0.861714975845411,"Hispanic",0,0,0,0,0,0,0,1,0,0.731319678901309
"LETO HIGH SCHOOL",2023,"Multiracial",17,31,48,2054,0.0233690360272639,0.354166666666667,0.645833333333333,"Hispanic",0,0,0,0,0,0,0,1,0,0.731319678901309
"Lennard High School",2024,"White",211,469,680,2514,0.270485282418457,0.310294117647059,0.689705882352941,"Hispanic",0,0,0,0,0,0,0,NA,NA,1.25227928292874
"Lennard High School",2024,"Asian",16,20,36,2514,0.0143198090692124,0.444444444444444,0.555555555555556,"Hispanic",0,0,0,0,0,0,0,NA,NA,1.25227928292874
"Lennard High School",2024,"Black",66,578,644,2514,0.256165473349244,0.102484472049689,0.897515527950311,"Hispanic",0,0,0,0,0,0,0,NA,NA,1.25227928292874
"Lennard High School",2024,"Hispanic",86,972,1058,2514,0.420843277645187,0.0812854442344045,0.918714555765595,"Hispanic",0,0,0,0,0,0,0,NA,NA,1.25227928292874
"Lennard High School",2024,"Multiracial",14,82,96,2514,0.0381861575178998,0.145833333333333,0.854166666666667,"Hispanic",0,0,0,0,0,0,0,NA,NA,1.25227928292874
"Lennard High School ",2025,"White",196,407,603,2235,0.269798657718121,0.325041459369818,0.674958540630182,"Hispanic",0,0,0,0,0,0,0,NA,NA,1.26853254998192
"Lennard High School ",2025,"Asian",16,23,39,2235,0.0174496644295302,0.41025641025641,0.58974358974359,"Hispanic",0,0,0,0,0,0,0,NA,NA,1.26853254998192
"Lennard High School ",2025,"Black",59,520,579,2235,0.259060402684564,0.101899827288428,0.898100172711572,"Hispanic",0,0,0,0,0,0,0,NA,NA,1.26853254998192
"Lennard High School ",2025,"Hispanic",91,833,924,2235,0.413422818791946,0.0984848484848485,0.901515151515151,"Hispanic",0,0,0,0,0,0,0,NA,NA,1.26853254998192
"Lennard High School ",2025,"Multiracial",17,73,90,2235,0.0402684563758389,0.188888888888889,0.811111111111111,"Hispanic",0,0,0,0,0,0,0,NA,NA,1.26853254998192
"Leto High School",2024,"White",31,134,165,2094,0.0787965616045845,0.187878787878788,0.812121212121212,"Hispanic",0,0,0,0,0,0,0,NA,NA,0.68747954961832
"Leto High School",2024,"Asian",16,29,45,2094,0.0214899713467049,0.355555555555556,0.644444444444444,"Hispanic",0,0,0,0,0,0,0,NA,NA,0.68747954961832
"Leto High School",2024,"Black",19,114,133,2094,0.0635148042024833,0.142857142857143,0.857142857142857,"Hispanic",0,0,0,0,0,0,0,NA,NA,0.68747954961832
"Leto High School",2024,"Hispanic",223,1494,1717,2094,0.819961795606495,0.129877693651718,0.870122306348282,"Hispanic",0,0,0,0,0,0,0,NA,NA,0.68747954961832
"Leto High School",2024,"Multiracial",12,22,34,2094,0.0162368672397326,0.352941176470588,0.647058823529412,"Hispanic",0,0,0,0,0,0,0,NA,NA,0.68747954961832
"Leto High School ",2025,"White",32,105,137,1818,0.0753575357535754,0.233576642335766,0.766423357664234,"Hispanic",0,0,0,0,0,0,0,NA,NA,0.635013779566335
"Leto High School ",2025,"Asian",14,22,36,1818,0.0198019801980198,0.388888888888889,0.611111111111111,"Hispanic",0,0,0,0,0,0,0,NA,NA,0.635013779566335
"Leto High School ",2025,"Black",14,90,104,1818,0.0572057205720572,0.134615384615385,0.865384615384615,"Hispanic",0,0,0,0,0,0,0,NA,NA,0.635013779566335
"Leto High School ",2025,"Hispanic",221,1300,1521,1818,0.836633663366337,0.145299145299145,0.854700854700855,"Hispanic",0,0,0,0,0,0,0,NA,NA,0.635013779566335
"Leto High School ",2025,"Multiracial",0,20,20,1818,0.011001100110011,0,1,"Hispanic",0,0,0,0,0,0,0,NA,NA,0.635013779566335
"MEDICAL ACADEMY AT D.W. WATERS",2023,"White",0,0,0,28,0,NA,NA,"Hispanic",0,0,0,0,0,0,0,1,0,0.670008977827427
"MEDICAL ACADEMY AT D.W. WATERS",2023,"Asian",0,0,0,28,0,NA,NA,"Hispanic",0,0,0,0,0,0,0,1,0,0.670008977827427
"MEDICAL ACADEMY AT D.W. WATERS",2023,"Black",0,11,11,28,0.392857142857143,0,1,"Hispanic",0,0,0,0,0,0,0,1,0,0.670008977827427
"MEDICAL ACADEMY AT D.W. WATERS",2023,"Hispanic",17,0,17,28,0.607142857142857,1,0,"Hispanic",0,0,0,0,0,0,0,1,0,0.670008977827427
"MEDICAL ACADEMY AT D.W. WATERS",2023,"Multiracial",0,0,0,28,0,NA,NA,"Hispanic",0,0,0,0,0,0,0,1,0,0.670008977827427
"MIDDLETON HIGH SCHOOL",2020,"White",166,24,190,1476,0.128726287262873,0.873684210526316,0.126315789473684,"Black",1,0,0,1,1,0,3,0.664204163868368,0.335795836131632,1.35740327808534
"MIDDLETON HIGH SCHOOL",2020,"Asian",232,0,232,1476,0.157181571815718,1,0,"Black",1,0,0,1,1,0,3,0.664204163868368,0.335795836131632,1.35740327808534
"MIDDLETON HIGH SCHOOL",2020,"Black",116,592,708,1476,0.479674796747967,0.163841807909605,0.836158192090395,"Black",1,0,0,1,1,0,3,0.664204163868368,0.335795836131632,1.35740327808534
"MIDDLETON HIGH SCHOOL",2020,"Hispanic",136,148,284,1476,0.192411924119241,0.47887323943662,0.52112676056338,"Black",1,0,0,1,1,0,3,0.664204163868368,0.335795836131632,1.35740327808534
"MIDDLETON HIGH SCHOOL",2020,"Multiracial",42,20,62,1476,0.0420054200542005,0.67741935483871,0.32258064516129,"Black",1,0,0,1,1,0,3,0.664204163868368,0.335795836131632,1.35740327808534
"MIDDLETON HIGH SCHOOL",2021,"White",146,31,177,1416,0.125,0.824858757062147,0.175141242937853,"Black",1,0,0,1,1,0,3,0.635980323260717,0.364019676739283,1.36796903115685
"MIDDLETON HIGH SCHOOL",2021,"Asian",231,10,241,1416,0.170197740112994,0.95850622406639,0.04149377593361,"Black",1,0,0,1,1,0,3,0.635980323260717,0.364019676739283,1.36796903115685
"MIDDLETON HIGH SCHOOL",2021,"Black",114,545,659,1416,0.465395480225989,0.17298937784522,0.82701062215478,"Black",1,0,0,1,1,0,3,0.635980323260717,0.364019676739283,1.36796903115685
"MIDDLETON HIGH SCHOOL",2021,"Hispanic",130,152,282,1416,0.199152542372881,0.460992907801418,0.539007092198582,"Black",1,0,0,1,1,0,3,0.635980323260717,0.364019676739283,1.36796903115685
"MIDDLETON HIGH SCHOOL",2021,"Multiracial",36,21,57,1416,0.0402542372881356,0.631578947368421,0.368421052631579,"Black",1,0,0,1,1,0,3,0.635980323260717,0.364019676739283,1.36796903115685
"MIDDLETON HIGH SCHOOL",2022,"White",142,36,178,1455,0.12233676975945,0.797752808988764,0.202247191011236,"Black",1,0,0,1,1,0,3,1,0,1.35915996264316
"MIDDLETON HIGH SCHOOL",2022,"Asian",229,11,240,1455,0.164948453608247,0.954166666666667,0.0458333333333333,"Black",1,0,0,1,1,0,3,1,0,1.35915996264316
"MIDDLETON HIGH SCHOOL",2022,"Black",119,572,691,1455,0.474914089347079,0.172214182344428,0.827785817655572,"Black",1,0,0,1,1,0,3,1,0,1.35915996264316
"MIDDLETON HIGH SCHOOL",2022,"Hispanic",124,162,286,1455,0.196563573883162,0.433566433566434,0.566433566433566,"Black",1,0,0,1,1,0,3,1,0,1.35915996264316
"MIDDLETON HIGH SCHOOL",2022,"Multiracial",32,28,60,1455,0.0412371134020619,0.533333333333333,0.466666666666667,"Black",1,0,0,1,1,0,3,1,0,1.35915996264316
"MIDDLETON HIGH SCHOOL",2023,"White",131,29,160,1482,0.107962213225371,0.81875,0.18125,"Black",1,0,0,1,1,0,3,1,0,1.36236897903399
"MIDDLETON HIGH SCHOOL",2023,"Asian",288,13,301,1482,0.203103913630229,0.956810631229236,0.0431893687707641,"Black",1,0,0,1,1,0,3,1,0,1.36236897903399
"MIDDLETON HIGH SCHOOL",2023,"Black",106,574,680,1482,0.458839406207827,0.155882352941176,0.844117647058824,"Black",1,0,0,1,1,0,3,1,0,1.36236897903399
"MIDDLETON HIGH SCHOOL",2023,"Hispanic",110,175,285,1482,0.192307692307692,0.385964912280702,0.614035087719298,"Black",1,0,0,1,1,0,3,1,0,1.36236897903399
"MIDDLETON HIGH SCHOOL",2023,"Multiracial",33,23,56,1482,0.0377867746288799,0.589285714285714,0.410714285714286,"Black",1,0,0,1,1,0,3,1,0,1.36236897903399
"Medical Academy at D.W. Waters",2024,"White",16,0,16,80,0.2,1,0,"Hispanic",0,0,0,0,0,0,0,NA,NA,1.03562388946641
"Medical Academy at D.W. Waters",2024,"Asian",0,0,0,80,0,NA,NA,"Hispanic",0,0,0,0,0,0,0,NA,NA,1.03562388946641
"Medical Academy at D.W. Waters",2024,"Black",25,0,25,80,0.3125,1,0,"Hispanic",0,0,0,0,0,0,0,NA,NA,1.03562388946641
"Medical Academy at D.W. Waters",2024,"Hispanic",39,0,39,80,0.4875,1,0,"Hispanic",0,0,0,0,0,0,0,NA,NA,1.03562388946641
"Medical Academy at D.W. Waters",2024,"Multiracial",0,0,0,80,0,NA,NA,"Hispanic",0,0,0,0,0,0,0,NA,NA,1.03562388946641
"Medical Academy at D.W. Waters ",2025,"White",11,0,11,102,0.107843137254902,1,0,"Hispanic",0,0,0,0,0,0,0,NA,NA,0.9560075847248
"Medical Academy at D.W. Waters ",2025,"Asian",0,0,0,102,0,NA,NA,"Hispanic",0,0,0,0,0,0,0,NA,NA,0.9560075847248
"Medical Academy at D.W. Waters ",2025,"Black",41,0,41,102,0.401960784313726,1,0,"Hispanic",0,0,0,0,0,0,0,NA,NA,0.9560075847248
"Medical Academy at D.W. Waters ",2025,"Hispanic",50,0,50,102,0.490196078431373,1,0,"Hispanic",0,0,0,0,0,0,0,NA,NA,0.9560075847248
"Medical Academy at D.W. Waters ",2025,"Multiracial",0,0,0,102,0,NA,NA,"Hispanic",0,0,0,0,0,0,0,NA,NA,0.9560075847248
"Middleton High School",2024,"White",126,27,153,1645,0.0930091185410334,0.823529411764706,0.176470588235294,"Black",0,0,0,0,0,0,0,NA,NA,1.36127359482575
"Middleton High School",2024,"Asian",358,10,368,1645,0.22370820668693,0.972826086956522,0.0271739130434783,"Black",0,0,0,0,0,0,0,NA,NA,1.36127359482575
"Middleton High School",2024,"Black",117,610,727,1645,0.441945288753799,0.160935350756534,0.839064649243466,"Black",0,0,0,0,0,0,0,NA,NA,1.36127359482575
"Middleton High School",2024,"Hispanic",122,216,338,1645,0.205471124620061,0.36094674556213,0.63905325443787,"Black",0,0,0,0,0,0,0,NA,NA,1.36127359482575
"Middleton High School",2024,"Multiracial",32,27,59,1645,0.0358662613981763,0.542372881355932,0.457627118644068,"Black",0,0,0,0,0,0,0,NA,NA,1.36127359482575
"Middleton High School ",2025,"White",102,17,119,1420,0.0838028169014085,0.857142857142857,0.142857142857143,"Black",0,0,0,0,0,0,0,NA,NA,1.40143706210188
"Middleton High School ",2025,"Asian",392,11,403,1420,0.283802816901408,0.972704714640198,0.0272952853598015,"Black",0,0,0,0,0,0,0,NA,NA,1.40143706210188
"Middleton High School ",2025,"Black",110,464,574,1420,0.404225352112676,0.191637630662021,0.808362369337979,"Black",0,0,0,0,0,0,0,NA,NA,1.40143706210188
"Middleton High School ",2025,"Hispanic",90,170,260,1420,0.183098591549296,0.346153846153846,0.653846153846154,"Black",0,0,0,0,0,0,0,NA,NA,1.40143706210188
"Middleton High School ",2025,"Multiracial",32,22,54,1420,0.0380281690140845,0.592592592592593,0.407407407407407,"Black",0,0,0,0,0,0,0,NA,NA,1.40143706210188
"ROBINSON HIGH SCHOOL",2020,"White",300,384,684,1427,0.479327259985985,0.43859649122807,0.56140350877193,"White",0,0,1,0,0,0,1,0.460893854748603,0.539106145251397,1.38964383327751
"ROBINSON HIGH SCHOOL",2020,"Asian",85,43,128,1427,0.0896986685353889,0.6640625,0.3359375,"White",0,0,1,0,0,0,1,0.460893854748603,0.539106145251397,1.38964383327751
"ROBINSON HIGH SCHOOL",2020,"Black",16,188,204,1427,0.142957252978276,0.0784313725490196,0.92156862745098,"White",0,0,1,0,0,0,1,0.460893854748603,0.539106145251397,1.38964383327751
"ROBINSON HIGH SCHOOL",2020,"Hispanic",73,199,272,1427,0.190609670637701,0.268382352941176,0.731617647058823,"White",0,0,1,0,0,0,1,0.460893854748603,0.539106145251397,1.38964383327751
"ROBINSON HIGH SCHOOL",2020,"Multiracial",46,93,139,1427,0.0974071478626489,0.330935251798561,0.669064748201439,"White",0,0,1,0,0,0,1,0.460893854748603,0.539106145251397,1.38964383327751
"ROBINSON HIGH SCHOOL",2021,"White",280,354,634,1337,0.474195961106956,0.441640378548896,0.558359621451104,"White",0,0,1,0,0,0,1,0.399103139013453,0.600896860986547,1.39591547625455
"ROBINSON HIGH SCHOOL",2021,"Asian",82,47,129,1337,0.0964846671652954,0.635658914728682,0.364341085271318,"White",0,0,1,0,0,0,1,0.399103139013453,0.600896860986547,1.39591547625455
"ROBINSON HIGH SCHOOL",2021,"Black",22,169,191,1337,0.142857142857143,0.115183246073298,0.884816753926702,"White",0,0,1,0,0,0,1,0.399103139013453,0.600896860986547,1.39591547625455
"ROBINSON HIGH SCHOOL",2021,"Hispanic",72,187,259,1337,0.193717277486911,0.277992277992278,0.722007722007722,"White",0,0,1,0,0,0,1,0.399103139013453,0.600896860986547,1.39591547625455
"ROBINSON HIGH SCHOOL",2021,"Multiracial",41,83,124,1337,0.0927449513836948,0.330645161290323,0.669354838709677,"White",0,0,1,0,0,0,1,0.399103139013453,0.600896860986547,1.39591547625455
"ROBINSON HIGH SCHOOL",2022,"White",275,332,607,1282,0.473478939157566,0.453047775947282,0.546952224052718,"White",0,0,1,0,0,0,1,0.43213728549142,0.56786271450858,1.38165412042594
"ROBINSON HIGH SCHOOL",2022,"Asian",77,36,113,1282,0.0881435257410296,0.68141592920354,0.31858407079646,"White",0,0,1,0,0,0,1,0.43213728549142,0.56786271450858,1.38165412042594
"ROBINSON HIGH SCHOOL",2022,"Black",20,157,177,1282,0.138065522620905,0.112994350282486,0.887005649717514,"White",0,0,1,0,0,0,1,0.43213728549142,0.56786271450858,1.38165412042594
"ROBINSON HIGH SCHOOL",2022,"Hispanic",82,194,276,1282,0.215288611544462,0.297101449275362,0.702898550724638,"White",0,0,1,0,0,0,1,0.43213728549142,0.56786271450858,1.38165412042594
"ROBINSON HIGH SCHOOL",2022,"Multiracial",37,72,109,1282,0.0850234009360374,0.339449541284404,0.660550458715596,"White",0,0,1,0,0,0,1,0.43213728549142,0.56786271450858,1.38165412042594
"ROBINSON HIGH SCHOOL",2023,"White",270,346,616,1276,0.482758620689655,0.438311688311688,0.561688311688312,"White",0,0,1,0,0,0,1,1,0,1.36250695833449
"ROBINSON HIGH SCHOOL",2023,"Asian",67,25,92,1276,0.0721003134796238,0.728260869565217,0.271739130434783,"White",0,0,1,0,0,0,1,1,0,1.36250695833449
"ROBINSON HIGH SCHOOL",2023,"Black",23,158,181,1276,0.141849529780564,0.12707182320442,0.87292817679558,"White",0,0,1,0,0,0,1,1,0,1.36250695833449
"ROBINSON HIGH SCHOOL",2023,"Hispanic",87,188,275,1276,0.21551724137931,0.316363636363636,0.683636363636364,"White",0,0,1,0,0,0,1,1,0,1.36250695833449
"ROBINSON HIGH SCHOOL",2023,"Multiracial",39,73,112,1276,0.0877742946708464,0.348214285714286,0.651785714285714,"White",0,0,1,0,0,0,1,1,0,1.36250695833449
"Robinson High School",2024,"White",301,383,684,1463,0.467532467532468,0.440058479532164,0.559941520467836,"White",0,0,0,0,0,0,0,NA,NA,1.35992316039354
"Robinson High School",2024,"Asian",65,32,97,1463,0.0663021189336979,0.670103092783505,0.329896907216495,"White",0,0,0,0,0,0,0,NA,NA,1.35992316039354
"Robinson High School",2024,"Black",25,174,199,1463,0.136021872863978,0.125628140703518,0.874371859296482,"White",0,0,0,0,0,0,0,NA,NA,1.35992316039354
"Robinson High School",2024,"Hispanic",92,268,360,1463,0.24606971975393,0.255555555555556,0.744444444444444,"White",0,0,0,0,0,0,0,NA,NA,1.35992316039354
"Robinson High School",2024,"Multiracial",45,78,123,1463,0.0840738209159262,0.365853658536585,0.634146341463415,"White",0,0,0,0,0,0,0,NA,NA,1.35992316039354
"Robinson High School ",2025,"White",301,357,658,1411,0.466335931963147,0.457446808510638,0.542553191489362,"White",0,0,0,0,0,0,0,NA,NA,1.36552948684377
"Robinson High School ",2025,"Asian",62,25,87,1411,0.0616583982990787,0.71264367816092,0.28735632183908,"White",0,0,0,0,0,0,0,NA,NA,1.36552948684377
"Robinson High School ",2025,"Black",22,164,186,1411,0.131821403260099,0.118279569892473,0.881720430107527,"White",0,0,0,0,0,0,0,NA,NA,1.36552948684377
"Robinson High School ",2025,"Hispanic",93,249,342,1411,0.242381289865344,0.271929824561404,0.728070175438597,"White",0,0,0,0,0,0,0,NA,NA,1.36552948684377
"Robinson High School ",2025,"Multiracial",52,86,138,1411,0.0978029766123317,0.376811594202899,0.623188405797101,"White",0,0,0,0,0,0,0,NA,NA,1.36552948684377
"SLIGH MIDDLE SCHOOL",2020,"White",23,24,47,579,0.0811744386873921,0.48936170212766,0.51063829787234,"Black",0,0,0,0,0,0,0,0.957912457912458,0.0420875420875421,0.920133542228699
"SLIGH MIDDLE SCHOOL",2020,"Asian",0,0,0,579,0,NA,NA,"Black",0,0,0,0,0,0,0,0.957912457912458,0.0420875420875421,0.920133542228699
"SLIGH MIDDLE SCHOOL",2020,"Black",108,256,364,579,0.6286701208981,0.296703296703297,0.703296703296703,"Black",0,0,0,0,0,0,0,0.957912457912458,0.0420875420875421,0.920133542228699
"SLIGH MIDDLE SCHOOL",2020,"Hispanic",94,64,158,579,0.272884283246978,0.594936708860759,0.40506329113924,"Black",0,0,0,0,0,0,0,0.957912457912458,0.0420875420875421,0.920133542228699
"SLIGH MIDDLE SCHOOL",2020,"Multiracial",0,10,10,579,0.0172711571675302,0,1,"Black",0,0,0,0,0,0,0,0.957912457912458,0.0420875420875421,0.920133542228699
"SLIGH MIDDLE SCHOOL",2021,"White",26,18,44,526,0.0836501901140684,0.590909090909091,0.409090909090909,"Black",0,0,0,0,0,0,0,0.963031423290203,0.0369685767097967,0.864520929606763
"SLIGH MIDDLE SCHOOL",2021,"Asian",0,0,0,526,0,NA,NA,"Black",0,0,0,0,0,0,0,0.963031423290203,0.0369685767097967,0.864520929606763
"SLIGH MIDDLE SCHOOL",2021,"Black",98,228,326,526,0.619771863117871,0.300613496932515,0.699386503067485,"Black",0,0,0,0,0,0,0,0.963031423290203,0.0369685767097967,0.864520929606763
"SLIGH MIDDLE SCHOOL",2021,"Hispanic",84,72,156,526,0.296577946768061,0.538461538461538,0.461538461538462,"Black",0,0,0,0,0,0,0,0.963031423290203,0.0369685767097967,0.864520929606763
"SLIGH MIDDLE SCHOOL",2021,"Multiracial",0,0,0,526,0,NA,NA,"Black",0,0,0,0,0,0,0,0.963031423290203,0.0369685767097967,0.864520929606763
"SLIGH MIDDLE SCHOOL",2022,"White",20,21,41,560,0.0732142857142857,0.48780487804878,0.51219512195122,"Black",0,0,0,0,0,0,0,1,0,0.969853384765172
"SLIGH MIDDLE SCHOOL",2022,"Asian",0,0,0,560,0,NA,NA,"Black",0,0,0,0,0,0,0,1,0,0.969853384765172
"SLIGH MIDDLE SCHOOL",2022,"Black",109,239,348,560,0.621428571428571,0.313218390804598,0.686781609195402,"Black",0,0,0,0,0,0,0,1,0,0.969853384765172
"SLIGH MIDDLE SCHOOL",2022,"Hispanic",83,65,148,560,0.264285714285714,0.560810810810811,0.439189189189189,"Black",0,0,0,0,0,0,0,1,0,0.969853384765172
"SLIGH MIDDLE SCHOOL",2022,"Multiracial",12,11,23,560,0.0410714285714286,0.521739130434783,0.478260869565217,"Black",0,0,0,0,0,0,0,1,0,0.969853384765172
"SLIGH MIDDLE SCHOOL",2023,"White",12,12,24,536,0.0447761194029851,0.5,0.5,"Black",0,0,0,0,0,0,0,1,0,0.849021046906486
"SLIGH MIDDLE SCHOOL",2023,"Asian",0,0,0,536,0,NA,NA,"Black",0,0,0,0,0,0,0,1,0,0.849021046906486
"SLIGH MIDDLE SCHOOL",2023,"Black",155,201,356,536,0.664179104477612,0.435393258426966,0.564606741573034,"Black",0,0,0,0,0,0,0,1,0,0.849021046906486
"SLIGH MIDDLE SCHOOL",2023,"Hispanic",82,62,144,536,0.26865671641791,0.569444444444444,0.430555555555556,"Black",0,0,0,0,0,0,0,1,0,0.849021046906486
"SLIGH MIDDLE SCHOOL",2023,"Multiracial",0,12,12,536,0.0223880597014925,0,1,"Black",0,0,0,0,0,0,0,1,0,0.849021046906486
"SPOTO HIGH SCHOOL",2020,"White",35,206,241,1547,0.155785391079509,0.145228215767635,0.854771784232365,"Hispanic",0,0,0,0,1,0,1,0.764327108821636,0.235672891178364,1.26033992097645
"SPOTO HIGH SCHOOL",2020,"Asian",0,25,25,1547,0.0161603102779573,0,1,"Hispanic",0,0,0,0,1,0,1,0.764327108821636,0.235672891178364,1.26033992097645
"SPOTO HIGH SCHOOL",2020,"Black",38,549,587,1547,0.379444085326438,0.0647359454855196,0.93526405451448,"Hispanic",0,0,0,0,1,0,1,0.764327108821636,0.235672891178364,1.26033992097645
"SPOTO HIGH SCHOOL",2020,"Hispanic",31,570,601,1547,0.388493859082094,0.0515806988352745,0.948419301164726,"Hispanic",0,0,0,0,1,0,1,0.764327108821636,0.235672891178364,1.26033992097645
"SPOTO HIGH SCHOOL",2020,"Multiracial",14,79,93,1547,0.0601163542340013,0.150537634408602,0.849462365591398,"Hispanic",0,0,0,0,1,0,1,0.764327108821636,0.235672891178364,1.26033992097645
"SPOTO HIGH SCHOOL",2021,"White",39,205,244,1647,0.148148148148148,0.159836065573771,0.840163934426229,"Black",0,0,0,0,1,0,1,0.707199032062916,0.292800967937084,1.25372575044589
"SPOTO HIGH SCHOOL",2021,"Asian",0,26,26,1647,0.01578627808136,0,1,"Black",0,0,0,0,1,0,1,0.707199032062916,0.292800967937084,1.25372575044589
"SPOTO HIGH SCHOOL",2021,"Black",45,618,663,1647,0.402550091074681,0.0678733031674208,0.932126696832579,"Black",0,0,0,0,1,0,1,0.707199032062916,0.292800967937084,1.25372575044589
"SPOTO HIGH SCHOOL",2021,"Hispanic",49,564,613,1647,0.372191863995143,0.0799347471451876,0.920065252854812,"Black",0,0,0,0,1,0,1,0.707199032062916,0.292800967937084,1.25372575044589
"SPOTO HIGH SCHOOL",2021,"Multiracial",13,88,101,1647,0.0613236187006679,0.128712871287129,0.871287128712871,"Black",0,0,0,0,1,0,1,0.707199032062916,0.292800967937084,1.25372575044589
"SPOTO HIGH SCHOOL",2022,"White",54,205,259,1752,0.147831050228311,0.208494208494208,0.791505791505791,"Black",0,0,0,0,1,0,1,1,0,1.25150218062591
"SPOTO HIGH SCHOOL",2022,"Asian",0,34,34,1752,0.0194063926940639,0,1,"Black",0,0,0,0,1,0,1,1,0,1.25150218062591
"SPOTO HIGH SCHOOL",2022,"Black",74,623,697,1752,0.397831050228311,0.106169296987088,0.893830703012912,"Black",0,0,0,0,1,0,1,1,0,1.25150218062591
"SPOTO HIGH SCHOOL",2022,"Hispanic",62,605,667,1752,0.380707762557078,0.0929535232383808,0.907046476761619,"Black",0,0,0,0,1,0,1,1,0,1.25150218062591
"SPOTO HIGH SCHOOL",2022,"Multiracial",16,79,95,1752,0.0542237442922374,0.168421052631579,0.831578947368421,"Black",0,0,0,0,1,0,1,1,0,1.25150218062591
"SPOTO HIGH SCHOOL",2023,"White",54,219,273,1791,0.152428810720268,0.197802197802198,0.802197802197802,"Black",0,0,0,0,1,0,1,1,0,1.24302507452
"SPOTO HIGH SCHOOL",2023,"Asian",0,34,34,1791,0.0189838079285315,0,1,"Black",0,0,0,0,1,0,1,1,0,1.24302507452
"SPOTO HIGH SCHOOL",2023,"Black",72,647,719,1791,0.401451702959241,0.100139082058414,0.899860917941586,"Black",0,0,0,0,1,0,1,1,0,1.24302507452
"SPOTO HIGH SCHOOL",2023,"Hispanic",69,609,678,1791,0.3785594639866,0.101769911504425,0.898230088495575,"Black",0,0,0,0,1,0,1,1,0,1.24302507452
"SPOTO HIGH SCHOOL",2023,"Multiracial",16,71,87,1791,0.0485762144053601,0.183908045977011,0.816091954022989,"Black",0,0,0,0,1,0,1,1,0,1.24302507452
"STRAWBERRY CREST HIGH SCHOOL",2020,"White",142,701,843,2252,0.374333925399645,0.168446026097272,0.831553973902728,"Hispanic",0,0,1,0,0,0,1,0.553682342502218,0.446317657497782,1.25464968006834
"STRAWBERRY CREST HIGH SCHOOL",2020,"Asian",220,30,250,2252,0.11101243339254,0.88,0.12,"Hispanic",0,0,1,0,0,0,1,0.553682342502218,0.446317657497782,1.25464968006834
"STRAWBERRY CREST HIGH SCHOOL",2020,"Black",27,83,110,2252,0.0488454706927176,0.245454545454545,0.754545454545455,"Hispanic",0,0,1,0,0,0,1,0.553682342502218,0.446317657497782,1.25464968006834
"STRAWBERRY CREST HIGH SCHOOL",2020,"Hispanic",91,865,956,2252,0.424511545293073,0.0951882845188285,0.904811715481172,"Hispanic",0,0,1,0,0,0,1,0.553682342502218,0.446317657497782,1.25464968006834
"STRAWBERRY CREST HIGH SCHOOL",2020,"Multiracial",35,58,93,2252,0.0412966252220249,0.376344086021505,0.623655913978495,"Hispanic",0,0,1,0,0,0,1,0.553682342502218,0.446317657497782,1.25464968006834
"STRAWBERRY CREST HIGH SCHOOL",2021,"White",124,750,874,2384,0.366610738255034,0.14187643020595,0.85812356979405,"Hispanic",0,0,1,0,0,0,1,0.516345347862531,0.483654652137469,1.24126752059397
"STRAWBERRY CREST HIGH SCHOOL",2021,"Asian",254,29,283,2384,0.118708053691275,0.897526501766785,0.102473498233216,"Hispanic",0,0,1,0,0,0,1,0.516345347862531,0.483654652137469,1.24126752059397
"STRAWBERRY CREST HIGH SCHOOL",2021,"Black",19,102,121,2384,0.050755033557047,0.15702479338843,0.84297520661157,"Hispanic",0,0,1,0,0,0,1,0.516345347862531,0.483654652137469,1.24126752059397
"STRAWBERRY CREST HIGH SCHOOL",2021,"Hispanic",76,957,1033,2384,0.433305369127517,0.0735721200387222,0.926427879961278,"Hispanic",0,0,1,0,0,0,1,0.516345347862531,0.483654652137469,1.24126752059397
"STRAWBERRY CREST HIGH SCHOOL",2021,"Multiracial",32,41,73,2384,0.0306208053691275,0.438356164383562,0.561643835616438,"Hispanic",0,0,1,0,0,0,1,0.516345347862531,0.483654652137469,1.24126752059397
"STRAWBERRY CREST HIGH SCHOOL",2022,"White",114,736,850,2440,0.348360655737705,0.134117647058824,0.865882352941176,"Hispanic",0,0,1,0,0,0,1,1,0,1.24600895149157
"STRAWBERRY CREST HIGH SCHOOL",2022,"Asian",319,23,342,2440,0.14016393442623,0.932748538011696,0.0672514619883041,"Hispanic",0,0,1,0,0,0,1,1,0,1.24600895149157
"STRAWBERRY CREST HIGH SCHOOL",2022,"Black",21,99,120,2440,0.0491803278688525,0.175,0.825,"Hispanic",0,0,1,0,0,0,1,1,0,1.24600895149157
"STRAWBERRY CREST HIGH SCHOOL",2022,"Hispanic",68,998,1066,2440,0.436885245901639,0.0637898686679174,0.936210131332083,"Hispanic",0,0,1,0,0,0,1,1,0,1.24600895149157
"STRAWBERRY CREST HIGH SCHOOL",2022,"Multiracial",30,32,62,2440,0.0254098360655738,0.483870967741935,0.516129032258065,"Hispanic",0,0,1,0,0,0,1,1,0,1.24600895149157
"STRAWBERRY CREST HIGH SCHOOL",2023,"White",108,717,825,2474,0.333468067906225,0.130909090909091,0.869090909090909,"Hispanic",0,0,1,0,0,0,1,1,0,1.24285594281464
"STRAWBERRY CREST HIGH SCHOOL",2023,"Asian",355,23,378,2474,0.152789005658852,0.939153439153439,0.0608465608465608,"Hispanic",0,0,1,0,0,0,1,1,0,1.24285594281464
"STRAWBERRY CREST HIGH SCHOOL",2023,"Black",22,90,112,2474,0.0452708164915117,0.196428571428571,0.803571428571429,"Hispanic",0,0,1,0,0,0,1,1,0,1.24285594281464
"STRAWBERRY CREST HIGH SCHOOL",2023,"Hispanic",69,1031,1100,2474,0.444624090541633,0.0627272727272727,0.937272727272727,"Hispanic",0,0,1,0,0,0,1,1,0,1.24285594281464
"STRAWBERRY CREST HIGH SCHOOL",2023,"Multiracial",18,41,59,2474,0.0238480194017785,0.305084745762712,0.694915254237288,"Hispanic",0,0,1,0,0,0,1,1,0,1.24285594281464
"Sligh Middle School",2024,"White",15,32,47,901,0.0521642619311876,0.319148936170213,0.680851063829787,"Black",0,0,0,0,0,0,0,NA,NA,0.817331451917497
"Sligh Middle School",2024,"Asian",0,0,0,901,0,NA,NA,"Black",0,0,0,0,0,0,0,NA,NA,0.817331451917497
"Sligh Middle School",2024,"Black",190,427,617,901,0.684794672586016,0.307941653160454,0.692058346839546,"Black",0,0,0,0,0,0,0,NA,NA,0.817331451917497
"Sligh Middle School",2024,"Hispanic",87,138,225,901,0.249722530521643,0.386666666666667,0.613333333333333,"Black",0,0,0,0,0,0,0,NA,NA,0.817331451917497
"Sligh Middle School",2024,"Multiracial",12,0,12,901,0.0133185349611543,1,0,"Black",0,0,0,0,0,0,0,NA,NA,0.817331451917497
"Sligh Middle School ",2025,"White",12,14,26,749,0.0347129506008011,0.461538461538462,0.538461538461538,"Black",0,0,0,0,0,0,0,NA,NA,0.878036662350676
"Sligh Middle School ",2025,"Asian",0,0,0,749,0,NA,NA,"Black",0,0,0,0,0,0,0,NA,NA,0.878036662350676
"Sligh Middle School ",2025,"Black",139,343,482,749,0.643524699599466,0.288381742738589,0.711618257261411,"Black",0,0,0,0,0,0,0,NA,NA,0.878036662350676
"Sligh Middle School ",2025,"Hispanic",83,131,214,749,0.285714285714286,0.38785046728972,0.61214953271028,"Black",0,0,0,0,0,0,0,NA,NA,0.878036662350676
"Sligh Middle School ",2025,"Multiracial",14,13,27,749,0.0360480640854473,0.518518518518518,0.481481481481481,"Black",0,0,0,0,0,0,0,NA,NA,0.878036662350676
"Spoto High School",2024,"White",51,232,283,2069,0.136781053649106,0.180212014134276,0.819787985865724,"Hispanic",0,0,0,0,0,0,0,NA,NA,1.19438293504661
"Spoto High School",2024,"Asian",0,34,34,2069,0.0164330594490092,0,1,"Hispanic",0,0,0,0,0,0,0,NA,NA,1.19438293504661
"Spoto High School",2024,"Black",71,704,775,2069,0.374577090381827,0.0916129032258065,0.908387096774194,"Hispanic",0,0,0,0,0,0,0,NA,NA,1.19438293504661
"Spoto High School",2024,"Hispanic",89,809,898,2069,0.434026099565007,0.099109131403118,0.900890868596882,"Hispanic",0,0,0,0,0,0,0,NA,NA,1.19438293504661
"Spoto High School",2024,"Multiracial",13,66,79,2069,0.0381826969550507,0.164556962025316,0.835443037974684,"Hispanic",0,0,0,0,0,0,0,NA,NA,1.19438293504661
"Spoto High School ",2025,"White",52,163,215,1901,0.113098369279327,0.241860465116279,0.758139534883721,"Hispanic",0,0,0,0,0,0,0,NA,NA,1.17415262833423
"Spoto High School ",2025,"Asian",0,32,32,1901,0.0168332456601789,0,1,"Hispanic",0,0,0,0,0,0,0,NA,NA,1.17415262833423
"Spoto High School ",2025,"Black",74,676,750,1901,0.394529195160442,0.0986666666666667,0.901333333333333,"Hispanic",0,0,0,0,0,0,0,NA,NA,1.17415262833423
"Spoto High School ",2025,"Hispanic",71,756,827,1901,0.435034192530247,0.0858524788391778,0.914147521160822,"Hispanic",0,0,0,0,0,0,0,NA,NA,1.17415262833423
"Spoto High School ",2025,"Multiracial",14,63,77,1901,0.0405049973698054,0.181818181818182,0.818181818181818,"Hispanic",0,0,0,0,0,0,0,NA,NA,1.17415262833423
"Strawberry Crest High School",2024,"White",96,683,779,2502,0.311350919264588,0.123234916559692,0.876765083440308,"Hispanic",0,0,0,0,0,0,0,NA,NA,1.25687829156449
"Strawberry Crest High School",2024,"Asian",346,23,369,2502,0.147482014388489,0.937669376693767,0.0623306233062331,"Hispanic",0,0,0,0,0,0,0,NA,NA,1.25687829156449
"Strawberry Crest High School",2024,"Black",26,110,136,2502,0.0543565147881695,0.191176470588235,0.808823529411765,"Hispanic",0,0,0,0,0,0,0,NA,NA,1.25687829156449
"Strawberry Crest High School",2024,"Hispanic",63,1089,1152,2502,0.460431654676259,0.0546875,0.9453125,"Hispanic",0,0,0,0,0,0,0,NA,NA,1.25687829156449
"Strawberry Crest High School",2024,"Multiracial",27,39,66,2502,0.026378896882494,0.409090909090909,0.590909090909091,"Hispanic",0,0,0,0,0,0,0,NA,NA,1.25687829156449
"Strawberry Crest High School ",2025,"White",83,625,708,2317,0.305567544238239,0.117231638418079,0.882768361581921,"Hispanic",0,0,0,0,0,0,0,NA,NA,1.27514061203509
"Strawberry Crest High School ",2025,"Asian",353,20,373,2317,0.160984031074666,0.946380697050938,0.0536193029490617,"Hispanic",0,0,0,0,0,0,0,NA,NA,1.27514061203509
"Strawberry Crest High School ",2025,"Black",26,108,134,2317,0.0578334052654294,0.194029850746269,0.805970149253731,"Hispanic",0,0,0,0,0,0,0,NA,NA,1.27514061203509
"Strawberry Crest High School ",2025,"Hispanic",50,992,1042,2317,0.449719464825205,0.0479846449136276,0.952015355086372,"Hispanic",0,0,0,0,0,0,0,NA,NA,1.27514061203509
"Strawberry Crest High School ",2025,"Multiracial",18,42,60,2317,0.0258955545964609,0.3,0.7,"Hispanic",0,0,0,0,0,0,0,NA,NA,1.27514061203509
"TAMPA BAY TECH HIGH SCHOOL",2020,"White",263,0,263,2027,0.129748396645289,1,0,"Black",1,0,0,1,1,0,3,0.785115820601281,0.214884179398719,1.25965671101808
"TAMPA BAY TECH HIGH SCHOOL",2020,"Asian",85,0,85,2027,0.0419338924518994,1,0,"Black",1,0,0,1,1,0,3,0.785115820601281,0.214884179398719,1.25965671101808
"TAMPA BAY TECH HIGH SCHOOL",2020,"Black",1000,0,1000,2027,0.493339911198816,1,0,"Black",1,0,0,1,1,0,3,0.785115820601281,0.214884179398719,1.25965671101808
"TAMPA BAY TECH HIGH SCHOOL",2020,"Hispanic",571,0,571,2027,0.281697089294524,1,0,"Black",1,0,0,1,1,0,3,0.785115820601281,0.214884179398719,1.25965671101808
"TAMPA BAY TECH HIGH SCHOOL",2020,"Multiracial",108,0,108,2027,0.0532807104094721,1,0,"Black",1,0,0,1,1,0,3,0.785115820601281,0.214884179398719,1.25965671101808
"TAMPA BAY TECH HIGH SCHOOL",2021,"White",241,0,241,1935,0.124547803617571,1,0,"Black",1,0,0,1,1,0,3,0.735157459989675,0.264842540010325,1.24386287196564
"TAMPA BAY TECH HIGH SCHOOL",2021,"Asian",78,0,78,1935,0.0403100775193798,1,0,"Black",1,0,0,1,1,0,3,0.735157459989675,0.264842540010325,1.24386287196564
"TAMPA BAY TECH HIGH SCHOOL",2021,"Black",980,0,980,1935,0.506459948320413,1,0,"Black",1,0,0,1,1,0,3,0.735157459989675,0.264842540010325,1.24386287196564
"TAMPA BAY TECH HIGH SCHOOL",2021,"Hispanic",534,0,534,1935,0.275968992248062,1,0,"Black",1,0,0,1,1,0,3,0.735157459989675,0.264842540010325,1.24386287196564
"TAMPA BAY TECH HIGH SCHOOL",2021,"Multiracial",102,0,102,1935,0.0527131782945736,1,0,"Black",1,0,0,1,1,0,3,0.735157459989675,0.264842540010325,1.24386287196564
"TAMPA BAY TECH HIGH SCHOOL",2022,"White",213,0,213,1931,0.110305541170378,1,0,"Black",1,0,0,1,1,0,3,1,0,1.22211289016158
"TAMPA BAY TECH HIGH SCHOOL",2022,"Asian",72,0,72,1931,0.0372863801139306,1,0,"Black",1,0,0,1,1,0,3,1,0,1.22211289016158
"TAMPA BAY TECH HIGH SCHOOL",2022,"Black",1003,0,1003,1931,0.519419989642672,1,0,"Black",1,0,0,1,1,0,3,1,0,1.22211289016158
"TAMPA BAY TECH HIGH SCHOOL",2022,"Hispanic",536,0,536,1931,0.277576385292594,1,0,"Black",1,0,0,1,1,0,3,1,0,1.22211289016158
"TAMPA BAY TECH HIGH SCHOOL",2022,"Multiracial",107,0,107,1931,0.0554117037804246,1,0,"Black",1,0,0,1,1,0,3,1,0,1.22211289016158
"TAMPA BAY TECH HIGH SCHOOL",2023,"White",209,0,209,2040,0.102450980392157,1,0,"Black",1,0,0,1,1,0,3,1,0,1.20928352930433
"TAMPA BAY TECH HIGH SCHOOL",2023,"Asian",71,0,71,2040,0.0348039215686275,1,0,"Black",1,0,0,1,1,0,3,1,0,1.20928352930433
"TAMPA BAY TECH HIGH SCHOOL",2023,"Black",1080,0,1080,2040,0.529411764705882,1,0,"Black",1,0,0,1,1,0,3,1,0,1.20928352930433
"TAMPA BAY TECH HIGH SCHOOL",2023,"Hispanic",559,0,559,2040,0.274019607843137,1,0,"Black",1,0,0,1,1,0,3,1,0,1.20928352930433
"TAMPA BAY TECH HIGH SCHOOL",2023,"Multiracial",121,0,121,2040,0.0593137254901961,1,0,"Black",1,0,0,1,1,0,3,1,0,1.20928352930433
"Tampa Bay Tech High School",2024,"White",238,0,238,2176,0.109375,1,0,"Black",0,0,0,0,0,0,0,NA,NA,1.17991056246464
"Tampa Bay Tech High School",2024,"Asian",56,0,56,2176,0.0257352941176471,1,0,"Black",0,0,0,0,0,0,0,NA,NA,1.17991056246464
"Tampa Bay Tech High School",2024,"Black",1163,0,1163,2176,0.534466911764706,1,0,"Black",0,0,0,0,0,0,0,NA,NA,1.17991056246464
"Tampa Bay Tech High School",2024,"Hispanic",607,0,607,2176,0.278952205882353,1,0,"Black",0,0,0,0,0,0,0,NA,NA,1.17991056246464
"Tampa Bay Tech High School",2024,"Multiracial",112,0,112,2176,0.0514705882352941,1,0,"Black",0,0,0,0,0,0,0,NA,NA,1.17991056246464
"Tampa Bay Tech High School ",2025,"White",185,11,196,2068,0.0947775628626693,0.943877551020408,0.0561224489795918,"Black",0,0,0,0,0,0,0,NA,NA,1.15913140288569
"Tampa Bay Tech High School ",2025,"Asian",48,0,48,2068,0.02321083172147,1,0,"Black",0,0,0,0,0,0,0,NA,NA,1.15913140288569
"Tampa Bay Tech High School ",2025,"Black",1061,63,1124,2068,0.543520309477756,0.943950177935943,0.0560498220640569,"Black",0,0,0,0,0,0,0,NA,NA,1.15913140288569
"Tampa Bay Tech High School ",2025,"Hispanic",560,26,586,2068,0.283365570599613,0.955631399317406,0.0443686006825939,"Black",0,0,0,0,0,0,0,NA,NA,1.15913140288569
"Tampa Bay Tech High School ",2025,"Multiracial",114,0,114,2068,0.0551257253384913,1,0,"Black",0,0,0,0,0,0,0,NA,NA,1.15913140288569
